UID,material,set,mode,loadmap,load_setting,load,@MAT_OPTS:E,@MAT_OPTS:v,@MESH:width,@MESH:height,@MESH:w_res,@MESH:h_res,@LD_OPTS:load_direction,@LD_OPTS:tensile_factor,@LD_OPTS:shear_factor,@LD_OPTS:compression
7ghU5UrxGaSg,isotropic_elastic,train,RIGHT,uniform,compression,0.00014734,0.778301567,0.213733691,3,1,18,6,270,1,0.5,TRUE
7eXoACjhq9UJ,isotropic_elastic,train,RIGHT,uniform,compression,6.51E-05,0.356599033,0.254675042,3,1,18,6,270,1,0.5,TRUE
S6RgKnVdB8Gc,isotropic_elastic,train,RIGHT,uniform,compression,3.09E-05,0.168490036,0.248915443,3,1,18,6,270,1,0.5,TRUE
4CHxRc8GETHH,isotropic_elastic,train,RIGHT,uniform,compression,0.000115157,0.646567883,0.283554742,3,1,18,6,270,1,0.5,TRUE
6MUfbwqrthoT,isotropic_elastic,train,RIGHT,uniform,compression,0.000129513,0.693349541,0.228742068,3,1,18,6,270,1,0.5,TRUE
WYiugx2ggUiQ,isotropic_elastic,train,RIGHT,uniform,compression,3.82E-05,0.215287144,0.288005353,3,1,18,6,270,1,0.5,TRUE
3QNXCx4TXtYW,isotropic_elastic,train,RIGHT,uniform,compression,0.000101406,0.533483083,0.209188632,3,1,18,6,270,1,0.5,TRUE
eNY6iY29ntoc,isotropic_elastic,train,RIGHT,uniform,compression,0.000171411,0.955201067,0.274747529,3,1,18,6,270,1,0.5,TRUE
8J3Egg2XT7gX,isotropic_elastic,train,RIGHT,uniform,compression,0.000166778,0.900910525,0.238920118,3,1,18,6,270,1,0.5,TRUE
6m49Wfu5XuGx,isotropic_elastic,train,RIGHT,uniform,compression,8.56E-05,0.479194365,0.279488986,3,1,18,6,270,1,0.5,TRUE
6LEnPDZJKMEe,isotropic_elastic,train,RIGHT,uniform,compression,5.06E-05,0.270008556,0.224101319,3,1,18,6,270,1,0.5,TRUE
JaogE8cude6V,isotropic_elastic,train,RIGHT,uniform,compression,0.000136152,0.748072563,0.258368472,3,1,18,6,270,1,0.5,TRUE
4Lr4PLUYXQih,isotropic_elastic,train,RIGHT,uniform,compression,0.000113071,0.591837887,0.203561913,3,1,18,6,270,1,0.5,TRUE
4DZnEadeUFKh,isotropic_elastic,train,RIGHT,uniform,compression,2.06E-05,0.113761865,0.263185138,3,1,18,6,270,1,0.5,TRUE
7KMiqJ7Q3HVH,isotropic_elastic,train,RIGHT,uniform,compression,7.64E-05,0.410880992,0.234008692,3,1,18,6,270,1,0.5,TRUE
5KVtwMKoeJ7R,isotropic_elastic,train,RIGHT,uniform,compression,0.000146245,0.832585136,0.299927862,3,1,18,6,270,1,0.5,TRUE
8DyU2UN9uTgQ,isotropic_elastic,train,RIGHT,uniform,compression,0.000162165,0.87340696,0.235564476,3,1,18,6,270,1,0.5,TRUE
DQG8A8MGi9iK,isotropic_elastic,train,RIGHT,uniform,compression,6.97E-05,0.39511121,0.295246696,3,1,18,6,270,1,0.5,TRUE
5AuvjWoQZaPA,isotropic_elastic,train,RIGHT,uniform,compression,2.48E-05,0.129757811,0.201993105,3,1,18,6,270,1,0.5,TRUE
64WmbSiYv4s2,isotropic_elastic,train,RIGHT,uniform,compression,9.96E-05,0.551681681,0.267879328,3,1,18,6,270,1,0.5,TRUE
68unA5DSgovR,isotropic_elastic,train,RIGHT,uniform,compression,0.000137889,0.732095504,0.21942051,3,1,18,6,270,1,0.5,TRUE
5Y7xRPYDu7vU,isotropic_elastic,train,RIGHT,uniform,compression,5.64E-05,0.310159618,0.259924663,3,1,18,6,270,1,0.5,TRUE
6eA8AXZaN3hx,isotropic_elastic,train,RIGHT,uniform,compression,8.08E-05,0.438391419,0.24361395,3,1,18,6,270,1,0.5,TRUE
ZW37XkhN8TPa,isotropic_elastic,train,RIGHT,uniform,compression,0.000164052,0.916675152,0.277919772,3,1,18,6,270,1,0.5,TRUE
fdV6mkTP2JYg,isotropic_elastic,train,RIGHT,uniform,compression,0.000185056,0.974912189,0.210744823,3,1,18,6,270,1,0.5,TRUE
3CRViTbe5jaY,isotropic_elastic,train,RIGHT,uniform,compression,8.95E-05,0.496630066,0.270066719,3,1,18,6,270,1,0.5,TRUE
3Q3Wbk9ogspS,isotropic_elastic,train,RIGHT,uniform,compression,4.72E-05,0.252353451,0.227172853,3,1,18,6,270,1,0.5,TRUE
6GbZacFGpHBo,isotropic_elastic,train,RIGHT,uniform,compression,0.000119166,0.674291161,0.292699186,3,1,18,6,270,1,0.5,TRUE
5nrzkZF2LUSV,isotropic_elastic,train,RIGHT,uniform,compression,0.000112303,0.609479265,0.244234275,3,1,18,6,270,1,0.5,TRUE
4y7EcrTBiJhW,isotropic_elastic,train,RIGHT,uniform,compression,3.34E-05,0.187557004,0.285110528,3,1,18,6,270,1,0.5,TRUE
4HiTaQiBwup6,isotropic_elastic,train,RIGHT,uniform,compression,6.35E-05,0.33686559,0.218427883,3,1,18,6,270,1,0.5,TRUE
5Gs8o3CuhywC,isotropic_elastic,train,RIGHT,uniform,compression,0.000149042,0.815163163,0.253106232,3,1,18,6,270,1,0.5,TRUE
5z6XcJ7dNDso,isotropic_elastic,train,RIGHT,uniform,compression,0.000151254,0.823054499,0.24726969,3,1,18,6,270,1,0.5,TRUE
8EdnUsVNMyyz,isotropic_elastic,train,RIGHT,uniform,compression,6.15E-05,0.34488063,0.281979352,3,1,18,6,270,1,0.5,TRUE
6s9kSgbziwW6,isotropic_elastic,train,RIGHT,uniform,compression,3.89E-05,0.205909688,0.215263465,3,1,18,6,270,1,0.5,TRUE
7HLbYJ5KcEwV,isotropic_elastic,train,RIGHT,uniform,compression,0.000114508,0.627955438,0.256171075,3,1,18,6,270,1,0.5,TRUE
7mS7yjMNCABz,isotropic_elastic,train,RIGHT,uniform,compression,0.000129854,0.682236995,0.207712268,3,1,18,6,270,1,0.5,TRUE
6bFA7XwdrePF,isotropic_elastic,train,RIGHT,uniform,compression,4.68E-05,0.260203262,0.273195035,3,1,18,6,270,1,0.5,TRUE
54zKKxKfa4Jz,isotropic_elastic,train,RIGHT,uniform,compression,9.61E-05,0.51514712,0.230346618,3,1,18,6,270,1,0.5,TRUE
3mH4mUGkHVJS,isotropic_elastic,train,RIGHT,uniform,compression,0.000176007,0.993333007,0.289624997,3,1,18,6,270,1,0.5,TRUE
EaKwsBQUysM4,isotropic_elastic,train,RIGHT,uniform,compression,0.000176311,0.938639167,0.222474058,3,1,18,6,270,1,0.5,TRUE
4VVez8Dw9UDx,isotropic_elastic,train,RIGHT,uniform,compression,8.39E-05,0.460451457,0.256774615,3,1,18,6,270,1,0.5,TRUE
6ZMKiT9vpdAw,isotropic_elastic,train,RIGHT,uniform,compression,5.81E-05,0.314466231,0.240468045,3,1,18,6,270,1,0.5,TRUE
5aLvrcup9SWo,isotropic_elastic,train,RIGHT,uniform,compression,0.000131464,0.736498355,0.280966888,3,1,18,6,270,1,0.5,TRUE
4ikrqupyESBN,isotropic_elastic,train,RIGHT,uniform,compression,0.000106808,0.573701052,0.232501965,3,1,18,6,270,1,0.5,TRUE
3ed8ejxSPytw,isotropic_elastic,train,RIGHT,uniform,compression,2.67E-05,0.151653478,0.298405708,3,1,18,6,270,1,0.5,TRUE
36xvDEqCbSEX,isotropic_elastic,train,RIGHT,uniform,compression,7.62E-05,0.399583052,0.205135766,3,1,18,6,270,1,0.5,TRUE
7au8MsLGHYJo,isotropic_elastic,train,RIGHT,uniform,compression,0.000158863,0.877755313,0.264835455,3,1,18,6,270,1,0.5,TRUE
5BLFyGozJbVS,isotropic_elastic,train,RIGHT,uniform,compression,0.000163739,0.854631557,0.200441933,3,1,18,6,270,1,0.5,TRUE
3RSc4MrrrUYD,isotropic_elastic,train,RIGHT,uniform,compression,7.82E-05,0.43280371,0.26640467,3,1,18,6,270,1,0.5,TRUE
4PyGyiCDdBr2,isotropic_elastic,train,RIGHT,uniform,compression,2.19E-05,0.118205798,0.237182775,3,1,18,6,270,1,0.5,TRUE
6zr55coRE3FU,isotropic_elastic,train,RIGHT,uniform,compression,0.000104988,0.596158332,0.296849516,3,1,18,6,270,1,0.5,TRUE
3Qk3YaqUeoCP,isotropic_elastic,train,RIGHT,uniform,compression,0.000142146,0.769954623,0.242036855,3,1,18,6,270,1,0.5,TRUE
6rHFxczpAtPD,isotropic_elastic,train,RIGHT,uniform,compression,5.23E-05,0.29198664,0.276272697,3,1,18,6,270,1,0.5,TRUE
5LLGm3GtumyS,isotropic_elastic,train,RIGHT,uniform,compression,9.10E-05,0.483583791,0.220918271,3,1,18,6,270,1,0.5,TRUE
3eyAYWVcAtCM,isotropic_elastic,train,RIGHT,uniform,compression,0.000164345,0.905396188,0.261455783,3,1,18,6,270,1,0.5,TRUE
7h6UT9yVUFvk,isotropic_elastic,train,RIGHT,uniform,compression,0.000180409,0.963174782,0.225652428,3,1,18,6,270,1,0.5,TRUE
9X9jh4wwQ9up,isotropic_elastic,train,RIGHT,uniform,compression,9.58E-05,0.541360776,0.291193806,3,1,18,6,270,1,0.5,TRUE
7iKmyJJzuS9u,isotropic_elastic,train,RIGHT,uniform,compression,4.43E-05,0.233777175,0.212393434,3,1,18,6,270,1,0.5,TRUE
6wBRxGR9NChv,isotropic_elastic,train,RIGHT,uniform,compression,0.000128064,0.711743335,0.27163925,3,1,18,6,270,1,0.5,TRUE
4awKSNDRdZNL,isotropic_elastic,train,RIGHT,uniform,compression,0.000123536,0.654376379,0.216832679,3,1,18,6,270,1,0.5,TRUE
3azcWBfFNFYh,isotropic_elastic,train,RIGHT,uniform,compression,3.23E-05,0.176422236,0.251477242,3,1,18,6,270,1,0.5,TRUE
4Y2oEsenny8h,isotropic_elastic,train,RIGHT,uniform,compression,6.90E-05,0.375033699,0.2457135,3,1,18,6,270,1,0.5,TRUE
6gnS5U4hK7vN,isotropic_elastic,train,RIGHT,uniform,compression,0.00014155,0.796859722,0.286660161,3,1,18,6,270,1,0.5,TRUE
5gpoHidFJw3L,isotropic_elastic,train,RIGHT,uniform,compression,0.000148232,0.794920419,0.230676772,3,1,18,6,270,1,0.5,TRUE
oFeoBDb2JAU4,isotropic_elastic,train,RIGHT,uniform,compression,6.61E-05,0.372984425,0.289976517,3,1,18,6,270,1,0.5,TRUE
7djJmmoVz6yZ,isotropic_elastic,train,RIGHT,uniform,compression,3.39E-05,0.177806215,0.206484879,3,1,18,6,270,1,0.5,TRUE
kkcoRPX3EQ98,isotropic_elastic,train,RIGHT,uniform,compression,0.000118015,0.656090055,0.271982913,3,1,18,6,270,1,0.5,TRUE
46zoJduThSA7,isotropic_elastic,train,RIGHT,uniform,compression,0.000134427,0.710352488,0.214142905,3,1,18,6,270,1,0.5,TRUE
7foj3UwpZDaX,isotropic_elastic,train,RIGHT,uniform,compression,4.24E-05,0.232056631,0.25504746,3,1,18,6,270,1,0.5,TRUE
67A66fKMTsFX,isotropic_elastic,train,RIGHT,uniform,compression,9.98E-05,0.543293214,0.247712778,3,1,18,6,270,1,0.5,TRUE
7W85L3cCAFoh,isotropic_elastic,train,RIGHT,uniform,compression,0.000172077,0.965217191,0.282413275,3,1,18,6,270,1,0.5,TRUE
778D4YiFcTHi,isotropic_elastic,train,RIGHT,uniform,compression,0.00017365,0.910494062,0.205472418,3,1,18,6,270,1,0.5,TRUE
5zBTvtT8ecH7,isotropic_elastic,train,RIGHT,uniform,compression,8.84E-05,0.488571909,0.265181265,3,1,18,6,270,1,0.5,TRUE
4ERMkRpehCfj,isotropic_elastic,train,RIGHT,uniform,compression,5.34E-05,0.286345457,0.231280309,3,1,18,6,270,1,0.5,TRUE
7kWZLHM6qhAm,isotropic_elastic,train,RIGHT,uniform,compression,0.000134622,0.764642923,0.297187113,3,1,18,6,270,1,0.5,TRUE
5ZiVRmu547uW,isotropic_elastic,train,RIGHT,uniform,compression,0.000111365,0.601806379,0.239353195,3,1,18,6,270,1,0.5,TRUE
cAh3CJHZwv8W,isotropic_elastic,train,RIGHT,uniform,compression,2.21E-05,0.123524363,0.279836777,3,1,18,6,270,1,0.5,TRUE
7bvX7MDsWsBJ,isotropic_elastic,train,RIGHT,uniform,compression,8.03E-05,0.427712704,0.222923618,3,1,18,6,270,1,0.5,TRUE
56iCA7eiGL8b,isotropic_elastic,train,RIGHT,uniform,compression,0.000154796,0.849650307,0.257202804,3,1,18,6,270,1,0.5,TRUE
6LixJA3v6qER,isotropic_elastic,train,RIGHT,uniform,compression,0.000165981,0.882763894,0.221355238,3,1,18,6,270,1,0.5,TRUE
e7t3cNbXngWe,isotropic_elastic,train,RIGHT,uniform,compression,7.34E-05,0.404701605,0.261895803,3,1,18,6,270,1,0.5,TRUE
7BBNGwqzcetY,isotropic_elastic,train,RIGHT,uniform,compression,2.70E-05,0.146307582,0.240910173,3,1,18,6,270,1,0.5,TRUE
5dcBT7pQyFF6,isotropic_elastic,train,RIGHT,uniform,compression,0.000101897,0.568025458,0.27515518,3,1,18,6,270,1,0.5,TRUE
32zWSR7bxMKc,isotropic_elastic,train,RIGHT,uniform,compression,0.000137687,0.741837387,0.235973714,3,1,18,6,270,1,0.5,TRUE
537mJSdaV7Ms,isotropic_elastic,train,RIGHT,uniform,compression,5.64E-05,0.32013496,0.29561909,3,1,18,6,270,1,0.5,TRUE
6YfsaWwQKy8k,isotropic_elastic,train,RIGHT,uniform,compression,8.72E-05,0.455436007,0.200790416,3,1,18,6,270,1,0.5,TRUE
3P8cGWtZA4wf,isotropic_elastic,train,RIGHT,uniform,compression,0.000168677,0.933513747,0.266737886,3,1,18,6,270,1,0.5,TRUE
4ZZuY2FR5a9r,isotropic_elastic,train,RIGHT,uniform,compression,0.000182355,0.991318197,0.246144756,3,1,18,6,270,1,0.5,TRUE
6ib9F9o3CN5Y,isotropic_elastic,train,RIGHT,uniform,compression,9.11E-05,0.513242067,0.287106678,3,1,18,6,270,1,0.5,TRUE
7WGimE7LTWDG,isotropic_elastic,train,RIGHT,uniform,compression,4.95E-05,0.261896206,0.215699524,3,1,18,6,270,1,0.5,TRUE
37qci8YxUFdt,isotropic_elastic,train,RIGHT,uniform,compression,0.000125287,0.683600456,0.250365459,3,1,18,6,270,1,0.5,TRUE
6VsRPp27WJRj,isotropic_elastic,train,RIGHT,uniform,compression,0.000118831,0.626269362,0.211177877,3,1,18,6,270,1,0.5,TRUE
7CgpDCX8ZYTm,isotropic_elastic,train,RIGHT,uniform,compression,3.68E-05,0.204553095,0.270414534,3,1,18,6,270,1,0.5,TRUE
5DybgCAjdhqd,isotropic_elastic,train,RIGHT,uniform,compression,6.50E-05,0.346902304,0.225995177,3,1,18,6,270,1,0.5,TRUE
3pZRdYLhNBHz,isotropic_elastic,train,RIGHT,uniform,compression,0.000145938,0.824966417,0.291533494,3,1,18,6,270,1,0.5,TRUE
69dtiPnLqJ5A,isotropic_elastic,train,RIGHT,uniform,compression,0.000153448,0.806446588,0.208060439,3,1,18,6,270,1,0.5,TRUE
YrbcrpkTeyXj,isotropic_elastic,train,RIGHT,uniform,compression,5.90E-05,0.328478712,0.273628495,3,1,18,6,270,1,0.5,TRUE
4XzuFwnUERbf,isotropic_elastic,train,RIGHT,uniform,compression,3.67E-05,0.196610894,0.229180569,3,1,18,6,270,1,0.5,TRUE
puDz4eghKZPC,isotropic_elastic,train,RIGHT,uniform,compression,0.000109687,0.618423184,0.288446914,3,1,18,6,270,1,0.5,TRUE
6qH9zzTZPr8n,isotropic_elastic,train,RIGHT,uniform,compression,0.00012204,0.665244136,0.249265436,3,1,18,6,270,1,0.5,TRUE
7XAamTwjSnzA,isotropic_elastic,train,RIGHT,uniform,compression,4.33E-05,0.243416397,0.283889474,3,1,18,6,270,1,0.5,TRUE
3dU3TnvY8NSZ,isotropic_elastic,train,RIGHT,uniform,compression,9.58E-05,0.505353509,0.212523095,3,1,18,6,270,1,0.5,TRUE
69qp65R5QttH,isotropic_elastic,train,RIGHT,uniform,compression,0.000179733,0.983305935,0.253443075,3,1,18,6,270,1,0.5,TRUE
8EXHjLy6mwbM,isotropic_elastic,train,RIGHT,uniform,compression,0.000172906,0.929044683,0.232874002,3,1,18,6,270,1,0.5,TRUE
4qqNd2BTiLpn,isotropic_elastic,train,RIGHT,uniform,compression,7.93E-05,0.451090432,0.298814539,3,1,18,6,270,1,0.5,TRUE
5cG7iwfc9zVr,isotropic_elastic,train,RIGHT,uniform,compression,5.69E-05,0.298111953,0.20399468,3,1,18,6,270,1,0.5,TRUE
4Szzufu4BMqF,isotropic_elastic,train,RIGHT,uniform,compression,0.000130435,0.719938083,0.263633173,3,1,18,6,270,1,0.5,TRUE
3wHZTTMAtY9q,isotropic_elastic,train,RIGHT,uniform,compression,0.000105702,0.563722478,0.224445602,3,1,18,6,270,1,0.5,TRUE
4oo2ByYrxCdB,isotropic_elastic,train,RIGHT,uniform,compression,2.58E-05,0.141908364,0.258709702,3,1,18,6,270,1,0.5,TRUE
7uGND6kCZTUF,isotropic_elastic,train,RIGHT,uniform,compression,7.09E-05,0.382734815,0.237703049,3,1,18,6,270,1,0.5,TRUE
PhZ3XvbD28AN,isotropic_elastic,train,RIGHT,uniform,compression,0.000153989,0.860701082,0.278262752,3,1,18,6,270,1,0.5,TRUE
765Szh9G7WyW,isotropic_elastic,train,RIGHT,uniform,compression,0.000156001,0.845263682,0.24238505,3,1,18,6,270,1,0.5,TRUE
6Rb2aarXtARp,isotropic_elastic,train,RIGHT,uniform,compression,7.58E-05,0.423229842,0.276706133,3,1,18,6,270,1,0.5,TRUE
4ptvCjJqffci,isotropic_elastic,train,RIGHT,uniform,compression,1.91E-05,0.101638643,0.219752199,3,1,18,6,270,1,0.5,TRUE
HWUfWoWHjTrH,isotropic_elastic,train,RIGHT,uniform,compression,0.000105355,0.579824636,0.260277723,3,1,18,6,270,1,0.5,TRUE
7nMuU62oQLmf,isotropic_elastic,train,RIGHT,uniform,compression,0.000145384,0.760202653,0.202437703,3,1,18,6,270,1,0.5,TRUE
4u2Jk8r6DKP4,isotropic_elastic,train,RIGHT,uniform,compression,5.09E-05,0.282028676,0.268314769,3,1,18,6,270,1,0.5,TRUE
4TyRsZjb9zrY,isotropic_elastic,train,RIGHT,uniform,compression,8.67E-05,0.466522683,0.234442382,3,1,18,6,270,1,0.5,TRUE
cDodVPFR2QBT,isotropic_elastic,train,RIGHT,uniform,compression,0.000156845,0.88856854,0.294121541,3,1,18,6,270,1,0.5,TRUE
p5EBdVQn4mRQ,isotropic_elastic,train,RIGHT,uniform,compression,0.000178678,0.946779721,0.217204692,3,1,18,6,270,1,0.5,TRUE
5upLo8qA9QRD,isotropic_elastic,train,RIGHT,uniform,compression,9.60E-05,0.524732255,0.251886097,3,1,18,6,270,1,0.5,TRUE
564aLvG3h4x3,isotropic_elastic,train,RIGHT,uniform,compression,4.13E-05,0.224251798,0.244572437,3,1,18,6,270,1,0.5,TRUE
78BYmH42ZPbd,isotropic_elastic,train,RIGHT,uniform,compression,0.000124903,0.702423951,0.285457855,3,1,18,6,270,1,0.5,TRUE
4XBk6PJTotjC,isotropic_elastic,train,RIGHT,uniform,compression,0.000119217,0.637596364,0.227623949,3,1,18,6,270,1,0.5,TRUE
7iJLE6jm8U45,isotropic_elastic,train,RIGHT,uniform,compression,2.82E-05,0.159408761,0.293128916,3,1,18,6,270,1,0.5,TRUE
7ZSQv8apMjRY,isotropic_elastic,train,RIGHT,uniform,compression,6.94E-05,0.365013511,0.209628463,3,1,18,6,270,1,0.5,TRUE
6SiGbcBtUW5i,isotropic_elastic,train,RIGHT,uniform,compression,0.000141943,0.787045527,0.26893509,3,1,18,6,270,1,0.5,TRUE
GdP6Fer6sUCA,isotropic_elastic,train,RIGHT,uniform,compression,0.000145243,0.785426811,0.240143163,3,1,18,6,270,1,0.5,TRUE
6MRkatwhzVsJ,isotropic_elastic,train,RIGHT,uniform,compression,6.49E-05,0.363614414,0.280510615,3,1,18,6,270,1,0.5,TRUE
3565MYoxQaAw,isotropic_elastic,train,RIGHT,uniform,compression,3.03E-05,0.161473797,0.222200795,3,1,18,6,270,1,0.5,TRUE
3NRZMNS8uqKc,isotropic_elastic,train,RIGHT,uniform,compression,0.000116593,0.639441781,0.256266532,3,1,18,6,270,1,0.5,TRUE
7tH2kvDx6Hca,isotropic_elastic,train,RIGHT,uniform,compression,0.000133636,0.70031085,0.204871921,3,1,18,6,270,1,0.5,TRUE
6Dq9xHCRzwMZ,isotropic_elastic,train,RIGHT,uniform,compression,4.03E-05,0.222358316,0.264318146,3,1,18,6,270,1,0.5,TRUE
6GCiRWB79nco,isotropic_elastic,train,RIGHT,uniform,compression,9.80E-05,0.52641277,0.23219208,3,1,18,6,270,1,0.5,TRUE
74amdDa7d8Ch,isotropic_elastic,train,RIGHT,uniform,compression,0.00016684,0.948240616,0.297934248,3,1,18,6,270,1,0.5,TRUE
8CYHug8FyDMp,isotropic_elastic,train,RIGHT,uniform,compression,0.000169052,0.893977547,0.214962829,3,1,18,6,270,1,0.5,TRUE
3zr4fyu4n5oy,isotropic_elastic,train,RIGHT,uniform,compression,8.61E-05,0.472151524,0.255690556,3,1,18,6,270,1,0.5,TRUE
48ztRuTnhgyT,isotropic_elastic,train,RIGHT,uniform,compression,5.09E-05,0.277052256,0.24702101,3,1,18,6,270,1,0.5,TRUE
4tuL6w2ZyKpg,isotropic_elastic,train,RIGHT,uniform,compression,0.000134712,0.755006399,0.281446687,3,1,18,6,270,1,0.5,TRUE
3ymY2AdF8PzR,isotropic_elastic,train,RIGHT,uniform,compression,0.000109098,0.584739258,0.230058193,3,1,18,6,270,1,0.5,TRUE
5Q2rcTvXBVBD,isotropic_elastic,train,RIGHT,uniform,compression,1.89E-05,0.106773098,0.289132267,3,1,18,6,270,1,0.5,TRUE
7c2AsLMErNec,isotropic_elastic,train,RIGHT,uniform,compression,7.96E-05,0.4178689,0.207378134,3,1,18,6,270,1,0.5,TRUE
3xL7jXSBQego,isotropic_elastic,train,RIGHT,uniform,compression,0.00015094,0.839682907,0.272747823,3,1,18,6,270,1,0.5,TRUE
38Ln2jsHu7Ts,isotropic_elastic,train,RIGHT,uniform,compression,0.00016425,0.866336661,0.212071533,3,1,18,6,270,1,0.5,TRUE
8HXsFrbnMUHd,isotropic_elastic,train,RIGHT,uniform,compression,6.99E-05,0.388150775,0.271179806,3,1,18,6,270,1,0.5,TRUE
8FKDXytixmXJ,isotropic_elastic,train,RIGHT,uniform,compression,2.56E-05,0.136719104,0.225376185,3,1,18,6,270,1,0.5,TRUE
5DGWKFNuJinR,isotropic_elastic,train,RIGHT,uniform,compression,9.89E-05,0.558752838,0.290688894,3,1,18,6,270,1,0.5,TRUE
4TTns3i2cgsT,isotropic_elastic,train,RIGHT,uniform,compression,0.000133461,0.725079277,0.245452635,3,1,18,6,270,1,0.5,TRUE
3ts3sZCBHKPM,isotropic_elastic,train,RIGHT,uniform,compression,5.39E-05,0.303033528,0.28613968,3,1,18,6,270,1,0.5,TRUE
6FeoBUX4fMhM,isotropic_elastic,train,RIGHT,uniform,compression,8.41E-05,0.445516651,0.216519813,3,1,18,6,270,1,0.5,TRUE
8GoryF7zTDbd,isotropic_elastic,train,RIGHT,uniform,compression,0.000169194,0.923690521,0.251008953,3,1,18,6,270,1,0.5,TRUE
6NgWtAGVZ4qG,isotropic_elastic,train,RIGHT,uniform,compression,0.000182097,0.981900086,0.236885071,3,1,18,6,270,1,0.5,TRUE
6YaC2T5CFCCZ,isotropic_elastic,train,RIGHT,uniform,compression,8.87E-05,0.503727825,0.296365875,3,1,18,6,270,1,0.5,TRUE
4Ezw5NRHv5zP,isotropic_elastic,train,RIGHT,uniform,compression,4.70E-05,0.245254833,0.20019032,3,1,18,6,270,1,0.5,TRUE
S79fmkZ3vJ3v,isotropic_elastic,train,RIGHT,uniform,compression,0.000120665,0.667302406,0.265875128,3,1,18,6,270,1,0.5,TRUE
4K4BZGfkLzNC,isotropic_elastic,train,RIGHT,uniform,compression,0.000115996,0.616522949,0.220632779,3,1,18,6,270,1,0.5,TRUE
5wovUG9NAT5i,isotropic_elastic,train,RIGHT,uniform,compression,3.53E-05,0.194490826,0.260959929,3,1,18,6,270,1,0.5,TRUE
7jzcP56bfy3M,isotropic_elastic,train,RIGHT,uniform,compression,6.09E-05,0.329932627,0.241699788,3,1,18,6,270,1,0.5,TRUE
7yHpKyhpToSL,isotropic_elastic,train,RIGHT,uniform,compression,0.000144883,0.808120337,0.275828608,3,1,18,6,270,1,0.5,TRUE
7ELHDCwNXXxx,isotropic_elastic,train,RIGHT,uniform,compression,0.000155739,0.830097332,0.223800755,3,1,18,6,270,1,0.5,TRUE
4sHVe6zyAECV,isotropic_elastic,train,RIGHT,uniform,compression,6.41E-05,0.351813599,0.25788769,3,1,18,6,270,1,0.5,TRUE
jSy35snKa9xd,isotropic_elastic,train,RIGHT,uniform,compression,3.68E-05,0.19897586,0.238671364,3,1,18,6,270,1,0.5,TRUE
6aabVt6eFLdT,isotropic_elastic,train,RIGHT,uniform,compression,0.000111022,0.620911747,0.278956584,3,1,18,6,270,1,0.5,TRUE
5nHkWfCjLzfn,isotropic_elastic,train,RIGHT,uniform,compression,0.000128177,0.689225756,0.233720337,3,1,18,6,270,1,0.5,TRUE
5tCHSYhitEf2,isotropic_elastic,train,RIGHT,uniform,compression,4.70E-05,0.267301886,0.299434872,3,1,18,6,270,1,0.5,TRUE
3Cw5Hi3xFRhy,isotropic_elastic,train,RIGHT,uniform,compression,9.71E-05,0.508049354,0.203227709,3,1,18,6,270,1,0.5,TRUE
65AywN9Ke3xR,isotropic_elastic,train,RIGHT,uniform,compression,0.00017884,0.986345104,0.262738188,3,1,18,6,270,1,0.5,TRUE
6owV3VELbd6o,isotropic_elastic,train,RIGHT,uniform,compression,0.000171008,0.931623805,0.248590297,3,1,18,6,270,1,0.5,TRUE
8CUjhGfiC7qK,isotropic_elastic,train,RIGHT,uniform,compression,8.08E-05,0.453326232,0.283098542,3,1,18,6,270,1,0.5,TRUE
P47sXsgJLSvm,isotropic_elastic,train,RIGHT,uniform,compression,6.09E-05,0.321592315,0.213460692,3,1,18,6,270,1,0.5,TRUE
6RBYp8AA9fHH,isotropic_elastic,train,RIGHT,uniform,compression,0.000135817,0.743514575,0.254166887,3,1,18,6,270,1,0.5,TRUE
5hs7gDE3nLbt,isotropic_elastic,train,RIGHT,uniform,compression,0.000107733,0.566629901,0.208924526,3,1,18,6,270,1,0.5,TRUE
45jfhqmQU57u,isotropic_elastic,train,RIGHT,uniform,compression,2.60E-05,0.144692191,0.27423029,3,1,18,6,270,1,0.5,TRUE
6P5PYc4gDNvU,isotropic_elastic,train,RIGHT,uniform,compression,7.60E-05,0.406543481,0.228432444,3,1,18,6,270,1,0.5,TRUE
4AA2EhQZBN8T,isotropic_elastic,train,RIGHT,uniform,compression,0.000157059,0.884825605,0.287533823,3,1,18,6,270,1,0.5,TRUE
8LYExoUj2mgz,isotropic_elastic,train,RIGHT,uniform,compression,0.000158576,0.847533779,0.226875461,3,1,18,6,270,1,0.5,TRUE
NNoKFGS3Yfj2,isotropic_elastic,train,RIGHT,uniform,compression,7.53E-05,0.425815795,0.292215424,3,1,18,6,270,1,0.5,TRUE
7AC8EVmQ4KLC,isotropic_elastic,train,RIGHT,uniform,compression,2.38E-05,0.125194571,0.210492899,3,1,18,6,270,1,0.5,TRUE
6xwpNoMNd74n,isotropic_elastic,train,RIGHT,uniform,compression,0.00010874,0.603256968,0.269537298,3,1,18,6,270,1,0.5,TRUE
5oqHWjE28hrt,isotropic_elastic,train,RIGHT,uniform,compression,0.000143878,0.76302078,0.218142699,3,1,18,6,270,1,0.5,TRUE
exMvzT58Ewtc,isotropic_elastic,train,RIGHT,uniform,compression,5.21E-05,0.284942933,0.252610261,3,1,18,6,270,1,0.5,TRUE
3ocFieWoFR5e,isotropic_elastic,train,RIGHT,uniform,compression,9.04E-05,0.490626639,0.2438969,3,1,18,6,270,1,0.5,TRUE
6mhsVySV7rCU,isotropic_elastic,train,RIGHT,uniform,compression,0.000162337,0.912329173,0.284666558,3,1,18,6,270,1,0.5,TRUE
4jzne37XbyQc,isotropic_elastic,train,RIGHT,uniform,compression,0.000185662,0.970135226,0.201671082,3,1,18,6,270,1,0.5,TRUE
5zMDBNrhsxwm,isotropic_elastic,train,RIGHT,uniform,compression,9.90E-05,0.548431083,0.267420196,3,1,18,6,270,1,0.5,TRUE
4RwGNRyF93CU,isotropic_elastic,train,RIGHT,uniform,compression,4.21E-05,0.22670601,0.235288354,3,1,18,6,270,1,0.5,TRUE
4UZnFmbPJ3n2,isotropic_elastic,train,RIGHT,uniform,compression,0.000124339,0.704782033,0.294741473,3,1,18,6,270,1,0.5,TRUE
7r2ZJW9LqAgs,isotropic_elastic,train,RIGHT,uniform,compression,0.000121983,0.661502475,0.243352967,3,1,18,6,270,1,0.5,TRUE
3p7FNvzaVLu9,isotropic_elastic,train,RIGHT,uniform,compression,3.28E-05,0.183438468,0.2773996,3,1,18,6,270,1,0.5,TRUE
JLwFfjkbfv59,isotropic_elastic,train,RIGHT,uniform,compression,6.93E-05,0.368018325,0.219107762,3,1,18,6,270,1,0.5,TRUE
8LsA8ZPJqXBP,isotropic_elastic,train,RIGHT,uniform,compression,0.000143599,0.789734485,0.259456065,3,1,18,6,270,1,0.5,TRUE
5r4xJzctqehm,isotropic_elastic,train,RIGHT,uniform,compression,0.000153098,0.801994177,0.204450884,3,1,18,6,270,1,0.5,TRUE
4Jm2o6K8NpVA,isotropic_elastic,train,RIGHT,uniform,compression,6.88E-05,0.379948321,0.263958314,3,1,18,6,270,1,0.5,TRUE
5incypG8ciar,isotropic_elastic,train,RIGHT,uniform,compression,3.18E-05,0.170841461,0.233382154,3,1,18,6,270,1,0.5,TRUE
6xjuEeu5pJKE,isotropic_elastic,train,RIGHT,uniform,compression,0.000114081,0.649015438,0.299087542,3,1,18,6,270,1,0.5,TRUE
47hCqysJBSi6,isotropic_elastic,train,RIGHT,uniform,compression,0.000132883,0.717372175,0.238220284,3,1,18,6,270,1,0.5,TRUE
6jBxPq2qWbHj,isotropic_elastic,train,RIGHT,uniform,compression,4.28E-05,0.239186182,0.278526863,3,1,18,6,270,1,0.5,TRUE
6QNxptyPmom6,isotropic_elastic,train,RIGHT,uniform,compression,0.000100493,0.536164522,0.224917137,3,1,18,6,270,1,0.5,TRUE
7bCD7ktKJYqG,isotropic_elastic,train,RIGHT,uniform,compression,0.000174297,0.958198363,0.259019322,3,1,18,6,270,1,0.5,TRUE
5sbXGq7qzRKg,isotropic_elastic,train,RIGHT,uniform,compression,0.000168631,0.903502706,0.229661353,3,1,18,6,270,1,0.5,TRUE
4QrRBX2ocpxE,isotropic_elastic,train,RIGHT,uniform,compression,8.54E-05,0.48147069,0.288747476,3,1,18,6,270,1,0.5,TRUE
7NqEbicUBYmZ,isotropic_elastic,train,RIGHT,uniform,compression,5.58E-05,0.293447535,0.208592839,3,1,18,6,270,1,0.5,TRUE
4eu3rj5JSc4N,isotropic_elastic,train,RIGHT,uniform,compression,0.000138574,0.771635138,0.27387725,3,1,18,6,270,1,0.5,TRUE
6d4bb5PJdkiG,isotropic_elastic,train,RIGHT,uniform,compression,0.000112666,0.594759235,0.213016085,3,1,18,6,270,1,0.5,TRUE
8CYEQzm4gHe8,isotropic_elastic,train,RIGHT,uniform,compression,2.13E-05,0.116587081,0.253731432,3,1,18,6,270,1,0.5,TRUE
gxNW7FKhertt,isotropic_elastic,train,RIGHT,uniform,compression,7.97E-05,0.434649127,0.249712389,3,1,18,6,270,1,0.5,TRUE
5SFPnDgRbuwC,isotropic_elastic,train,RIGHT,uniform,compression,0.000152495,0.856696593,0.284223677,3,1,18,6,270,1,0.5,TRUE
573aFEq4FQPY,isotropic_elastic,train,RIGHT,uniform,compression,0.000161232,0.875635244,0.245031574,3,1,18,6,270,1,0.5,TRUE
5kKf2VEgQBun,isotropic_elastic,train,RIGHT,uniform,compression,7.07E-05,0.397682818,0.285779873,3,1,18,6,270,1,0.5,TRUE
7E4NpgPYrxAD,isotropic_elastic,train,RIGHT,uniform,compression,2.89E-05,0.153327227,0.217709911,3,1,18,6,270,1,0.5,TRUE
5dMXYHahqxu4,isotropic_elastic,train,RIGHT,uniform,compression,0.000105246,0.575154966,0.252162224,3,1,18,6,270,1,0.5,TRUE
7WSiNUCQfcoK,isotropic_elastic,train,RIGHT,uniform,compression,0.000139567,0.734872671,0.21014863,3,1,18,6,270,1,0.5,TRUE
BMZ9sQ74Mu7k,isotropic_elastic,train,RIGHT,uniform,compression,5.64E-05,0.313060381,0.269196077,3,1,18,6,270,1,0.5,TRUE
4GPqg6iZNWGo,isotropic_elastic,train,RIGHT,uniform,compression,8.64E-05,0.462509727,0.228092551,3,1,18,6,270,1,0.5,TRUE
6cbNkkGayMNG,isotropic_elastic,train,RIGHT,uniform,compression,0.000166103,0.940477604,0.29344166,3,1,18,6,270,1,0.5,TRUE
5QB4nvo4BUzk,isotropic_elastic,train,RIGHT,uniform,compression,0.000187883,0.998254582,0.220235963,3,1,18,6,270,1,0.5,TRUE
5qK7sgdtGThY,isotropic_elastic,train,RIGHT,uniform,compression,9.45E-05,0.520288315,0.260575114,3,1,18,6,270,1,0.5,TRUE
3z4QdFvpQorE,isotropic_elastic,train,RIGHT,uniform,compression,4.70E-05,0.2548491,0.242914469,3,1,18,6,270,1,0.5,TRUE
3cbrQcDtaptF,isotropic_elastic,train,RIGHT,uniform,compression,0.000121198,0.676663214,0.276958059,3,1,18,6,270,1,0.5,TRUE
6VxmQDyi2hxz,isotropic_elastic,train,RIGHT,uniform,compression,0.000117663,0.633371398,0.234938351,3,1,18,6,270,1,0.5,TRUE
4S4SFx26kMtA,isotropic_elastic,train,RIGHT,uniform,compression,3.73E-05,0.211545268,0.294406726,3,1,18,6,270,1,0.5,TRUE
nRvfmAM8oAQA,isotropic_elastic,train,RIGHT,uniform,compression,6.50E-05,0.339910989,0.202881675,3,1,18,6,270,1,0.5,TRUE
L3K434syrdif,isotropic_elastic,train,RIGHT,uniform,compression,0.000147537,0.81786524,0.268652142,3,1,18,6,270,1,0.5,TRUE
4PwaizACocDK,isotropic_elastic,train,RIGHT,uniform,compression,0.00015156,0.813547773,0.231760832,3,1,18,6,270,1,0.5,TRUE
8KhabeRPZ4HG,isotropic_elastic,train,RIGHT,uniform,compression,5.90E-05,0.335470033,0.297487745,3,1,18,6,270,1,0.5,TRUE
3dNghrC6ndfZ,isotropic_elastic,train,RIGHT,uniform,compression,3.61E-05,0.189618714,0.206005079,3,1,18,6,270,1,0.5,TRUE
53ogiZZimHo5,isotropic_elastic,train,RIGHT,uniform,compression,0.000110585,0.611321141,0.265429949,3,1,18,6,270,1,0.5,TRUE
6insWy7VdWjg,isotropic_elastic,train,RIGHT,uniform,compression,0.000126154,0.672181386,0.223416344,3,1,18,6,270,1,0.5,TRUE
3imGFaYzNoJc,isotropic_elastic,train,RIGHT,uniform,compression,4.56E-05,0.250463509,0.257491233,3,1,18,6,270,1,0.5,TRUE
6qfDSxNuPcXC,isotropic_elastic,train,RIGHT,uniform,compression,9.22E-05,0.498307254,0.239800411,3,1,18,6,270,1,0.5,TRUE
VNXDES5o8cJH,isotropic_elastic,train,RIGHT,uniform,compression,0.000174399,0.976369544,0.280170906,3,1,18,6,270,1,0.5,TRUE
7V7jCY7yY2Ty,isotropic_elastic,train,RIGHT,uniform,compression,0.000175627,0.922080832,0.206941153,3,1,18,6,270,1,0.5,TRUE
7SvTw8CkiGM9,isotropic_elastic,train,RIGHT,uniform,compression,7.98E-05,0.444016718,0.272307794,3,1,18,6,270,1,0.5,TRUE
6suLMigbABc5,isotropic_elastic,train,RIGHT,uniform,compression,5.69E-05,0.305186525,0.231184853,3,1,18,6,270,1,0.5,TRUE
Fo4G8cidmqe5,isotropic_elastic,train,RIGHT,uniform,compression,0.00012873,0.726902791,0.290249781,3,1,18,6,270,1,0.5,TRUE
6Mvf76yAHqqz,isotropic_elastic,train,RIGHT,uniform,compression,0.0001022,0.556592976,0.248230086,3,1,18,6,270,1,0.5,TRUE
36FQ3QZ58Ym8,isotropic_elastic,train,RIGHT,uniform,compression,2.40E-05,0.134888726,0.282677122,3,1,18,6,270,1,0.5,TRUE
4BFRx5CC4nmy,isotropic_elastic,train,RIGHT,uniform,compression,7.37E-05,0.389753595,0.214614367,3,1,18,6,270,1,0.5,TRUE
826BX6oVxzyq,isotropic_elastic,train,RIGHT,uniform,compression,0.000158361,0.867829725,0.255357344,3,1,18,6,270,1,0.5,TRUE
6fZvQcW6cDgC,isotropic_elastic,train,RIGHT,uniform,compression,0.000158335,0.838217389,0.21618317,3,1,18,6,270,1,0.5,TRUE
39tk6HT5Wnep,isotropic_elastic,train,RIGHT,uniform,compression,7.63E-05,0.416293412,0.250663158,3,1,18,6,270,1,0.5,TRUE
4g4dkG8WZsZm,isotropic_elastic,train,RIGHT,uniform,compression,2.00E-05,0.108575931,0.246674294,3,1,18,6,270,1,0.5,TRUE
jr2gbXHtUQTk,isotropic_elastic,train,RIGHT,uniform,compression,0.000104187,0.586871788,0.287358296,3,1,18,6,270,1,0.5,TRUE
8Gav3BghSu8C,isotropic_elastic,train,RIGHT,uniform,compression,0.000140976,0.753210431,0.226491025,3,1,18,6,270,1,0.5,TRUE
KgsAVpCy3gL9,isotropic_elastic,train,RIGHT,uniform,compression,4.86E-05,0.274926591,0.291818991,3,1,18,6,270,1,0.5,TRUE
5KcbfB987c8m,isotropic_elastic,train,RIGHT,uniform,compression,8.98E-05,0.47362391,0.211621969,3,1,18,6,270,1,0.5,TRUE
L7KTGLHQaBiU,isotropic_elastic,train,RIGHT,uniform,compression,0.000161261,0.895559903,0.270751596,3,1,18,6,270,1,0.5,TRUE
mwFfauKwZEfZ,isotropic_elastic,train,RIGHT,uniform,compression,0.000176189,0.953798543,0.241369618,3,1,18,6,270,1,0.5,TRUE
6SuBV9iTEqmx,isotropic_elastic,train,RIGHT,uniform,compression,9.54E-05,0.53186094,0.27547708,3,1,18,6,270,1,0.5,TRUE
5FpyTXRLXsCU,isotropic_elastic,train,RIGHT,uniform,compression,4.08E-05,0.217122254,0.221860148,3,1,18,6,270,1,0.5,TRUE
4tMJXqWDZ5eY,isotropic_elastic,train,RIGHT,uniform,compression,0.00012615,0.695404271,0.262172048,3,1,18,6,270,1,0.5,TRUE
VbJWWAG6ovg5,isotropic_elastic,train,RIGHT,uniform,compression,0.000123415,0.644670974,0.201310895,3,1,18,6,270,1,0.5,TRUE
34CUnsUPYcdA,isotropic_elastic,train,RIGHT,uniform,compression,3.01E-05,0.166373508,0.266998752,3,1,18,6,270,1,0.5,TRUE
3FZDuFHFcwZ9,isotropic_elastic,train,RIGHT,uniform,compression,6.64E-05,0.358049622,0.236442005,3,1,18,6,270,1,0.5,TRUE
3mutk6ryyJrc,isotropic_elastic,train,RIGHT,uniform,compression,0.000137466,0.779971775,0.295931954,3,1,18,6,270,1,0.5,TRUE
cgLpLN3hgGZU,isotropic_elastic,validate,RIGHT,uniform,compression,0.000144888,0.781144553,0.236712812,3,1,18,6,270,1,0.5,TRUE
57Zt63xzcYQx,isotropic_elastic,validate,RIGHT,uniform,compression,6.33E-05,0.359112536,0.295756991,3,1,18,6,270,1,0.5,TRUE
6TLHTUzFfeDE,isotropic_elastic,validate,RIGHT,uniform,compression,3.14E-05,0.16399953,0.201534472,3,1,18,6,270,1,0.5,TRUE
4dtwGL38rr7R,isotropic_elastic,validate,RIGHT,uniform,compression,0.000116024,0.642187133,0.266874643,3,1,18,6,270,1,0.5,TRUE
6UDMfv6AUKyn,isotropic_elastic,validate,RIGHT,uniform,compression,0.000130843,0.696027306,0.221583546,3,1,18,6,270,1,0.5,TRUE
6K2Bnwhnr47Q,isotropic_elastic,validate,RIGHT,uniform,compression,3.95E-05,0.217855153,0.262352996,3,1,18,6,270,1,0.5,TRUE
4cAuAxWn8Wbn,isotropic_elastic,validate,RIGHT,uniform,compression,9.77E-05,0.528937214,0.241139629,3,1,18,6,270,1,0.5,TRUE
3PdgygqyaxKG,isotropic_elastic,validate,RIGHT,uniform,compression,0.000170529,0.95098468,0.275607411,3,1,18,6,270,1,0.5,TRUE
3dbWSWLkesxZ,isotropic_elastic,validate,RIGHT,uniform,compression,0.000170097,0.89672171,0.211508423,3,1,18,6,270,1,0.5,TRUE
5K842eVmw83C,isotropic_elastic,validate,RIGHT,uniform,compression,8.55E-05,0.474675854,0.27096175,3,1,18,6,270,1,0.5,TRUE
67rsqnie7JNf,isotropic_elastic,validate,RIGHT,uniform,compression,5.10E-05,0.272548992,0.226329914,3,1,18,6,270,1,0.5,TRUE
mjRCU9A8rbAq,isotropic_elastic,validate,RIGHT,uniform,compression,0.000132743,0.750722969,0.292078808,3,1,18,6,270,1,0.5,TRUE
6UjNxWH9pxtW,isotropic_elastic,validate,RIGHT,uniform,compression,0.000108008,0.587484711,0.246793825,3,1,18,6,270,1,0.5,TRUE
yZ3JSx96tDJ2,isotropic_elastic,validate,RIGHT,uniform,compression,1.94E-05,0.109298717,0.287142348,3,1,18,6,270,1,0.5,TRUE
4tM223gd5J9b,isotropic_elastic,validate,RIGHT,uniform,compression,7.81E-05,0.413366922,0.216350504,3,1,18,6,270,1,0.5,TRUE
4LCHrWYAEo2s,isotropic_elastic,validate,RIGHT,uniform,compression,0.000153104,0.835400763,0.250396929,3,1,18,6,270,1,0.5,TRUE
4yQsNn5ZjUy8,isotropic_elastic,validate,RIGHT,uniform,compression,0.000164327,0.868861107,0.214793502,3,1,18,6,270,1,0.5,TRUE
35757USgeVpv,isotropic_elastic,validate,RIGHT,uniform,compression,7.13E-05,0.39089484,0.255078549,3,1,18,6,270,1,0.5,TRUE
78RPX59VpWz4,isotropic_elastic,validate,RIGHT,uniform,compression,2.43E-05,0.132435559,0.24836223,3,1,18,6,270,1,0.5,TRUE
74fBv6DAuFFv,isotropic_elastic,validate,RIGHT,uniform,compression,9.88E-05,0.554249673,0.282449324,3,1,18,6,270,1,0.5,TRUE
C9ckaFe4DerX,isotropic_elastic,validate,RIGHT,uniform,compression,0.000135639,0.727605009,0.231011892,3,1,18,6,270,1,0.5,TRUE
5gVrRjSe7Pye,isotropic_elastic,validate,RIGHT,uniform,compression,5.41E-05,0.305778879,0.290522211,3,1,18,6,270,1,0.5,TRUE
7miX3VMLnTit,isotropic_elastic,validate,RIGHT,uniform,compression,8.41E-05,0.441234394,0.206815042,3,1,18,6,270,1,0.5,TRUE
4ZHraN5SXsez,isotropic_elastic,validate,RIGHT,uniform,compression,0.000165263,0.919188645,0.272529749,3,1,18,6,270,1,0.5,TRUE
34sQhZg5wdeH,isotropic_elastic,validate,RIGHT,uniform,compression,0.000180832,0.977398109,0.239583033,3,1,18,6,270,1,0.5,TRUE
6Wrd8nW8jMVs,isotropic_elastic,validate,RIGHT,uniform,compression,8.92E-05,0.499445683,0.280289388,3,1,18,6,270,1,0.5,TRUE
7wLMiyWtPZfF,isotropic_elastic,validate,RIGHT,uniform,compression,4.66E-05,0.248000284,0.223151544,3,1,18,6,270,1,0.5,TRUE
7Bf2VYuWWoEC,isotropic_elastic,validate,RIGHT,uniform,compression,0.000121986,0.669828024,0.257659617,3,1,18,6,270,1,0.5,TRUE
ZJ52LchimoFr,isotropic_elastic,validate,RIGHT,uniform,compression,0.000116647,0.612019684,0.206216091,3,1,18,6,270,1,0.5,TRUE
6zxC4drMKuF7,isotropic_elastic,validate,RIGHT,uniform,compression,3.44E-05,0.190207394,0.265317642,3,1,18,6,270,1,0.5,TRUE
J5BZnxPUXnnZ,isotropic_elastic,validate,RIGHT,uniform,compression,6.20E-05,0.332676792,0.232019791,3,1,18,6,270,1,0.5,TRUE
6YDQp9wSKW8S,isotropic_elastic,validate,RIGHT,uniform,compression,0.000142704,0.810644669,0.297325394,3,1,18,6,270,1,0.5,TRUE
7JHfNguQsWuN,isotropic_elastic,validate,RIGHT,uniform,compression,0.000156794,0.820322017,0.203061216,3,1,18,6,270,1,0.5,TRUE
3LNSnLJEqD6V,isotropic_elastic,validate,RIGHT,uniform,compression,6.18E-05,0.342257904,0.268373705,3,1,18,6,270,1,0.5,TRUE
6q3J4g2nTFj2,isotropic_elastic,validate,RIGHT,uniform,compression,3.91E-05,0.210510275,0.23507009,3,1,18,6,270,1,0.5,TRUE
4gpVfCjumtcA,isotropic_elastic,validate,RIGHT,uniform,compression,0.000111592,0.632226542,0.294178571,3,1,18,6,270,1,0.5,TRUE
3AVLYyuXpwn2,isotropic_elastic,validate,RIGHT,uniform,compression,0.000125359,0.679449155,0.242741151,3,1,18,6,270,1,0.5,TRUE
58CRPNNB29aN,isotropic_elastic,validate,RIGHT,uniform,compression,4.62E-05,0.257744905,0.277230083,3,1,18,6,270,1,0.5,TRUE
5VW32UQBt9aE,isotropic_elastic,validate,RIGHT,uniform,compression,9.78E-05,0.51958248,0.22011021,3,1,18,6,270,1,0.5,TRUE
4vtPtapuKpYU,isotropic_elastic,validate,RIGHT,uniform,compression,0.000181195,0.99765861,0.260797475,3,1,18,6,270,1,0.5,TRUE
7ZHqTrgbgy8B,isotropic_elastic,validate,RIGHT,uniform,compression,0.00017627,0.942937198,0.227874768,3,1,18,6,270,1,0.5,TRUE
3uBqSHBnKo9j,isotropic_elastic,validate,RIGHT,uniform,compression,8.21E-05,0.464859458,0.293559784,3,1,18,6,270,1,0.5,TRUE
E3hi5cydaxVe,isotropic_elastic,validate,RIGHT,uniform,compression,5.93E-05,0.312035447,0.209884235,3,1,18,6,270,1,0.5,TRUE
6xbu6TRvsCy8,isotropic_elastic,validate,RIGHT,uniform,compression,0.00013228,0.733737874,0.269364819,3,1,18,6,270,1,0.5,TRUE
BQqHq4QxCPjt,isotropic_elastic,validate,RIGHT,uniform,compression,0.000109001,0.577944583,0.217921281,3,1,18,6,270,1,0.5,TRUE
86YZSDQ2pUq8,isotropic_elastic,validate,RIGHT,uniform,compression,2.86E-05,0.156226707,0.252050322,3,1,18,6,270,1,0.5,TRUE
87wQmSk8j22D,isotropic_elastic,validate,RIGHT,uniform,compression,7.31E-05,0.396987899,0.245290174,3,1,18,6,270,1,0.5,TRUE
37bnGATCf9mR,isotropic_elastic,validate,RIGHT,uniform,compression,0.000155577,0.875050189,0.285617117,3,1,18,6,270,1,0.5,TRUE
3YLyAMt2DVH4,isotropic_elastic,validate,RIGHT,uniform,compression,0.000157498,0.859066906,0.249983554,3,1,18,6,270,1,0.5,TRUE
47HXcyrCZis6,isotropic_elastic,validate,RIGHT,uniform,compression,7.78E-05,0.437129304,0.284049119,3,1,18,6,270,1,0.5,TRUE
7EqQEoDQtPCT,isotropic_elastic,validate,RIGHT,uniform,compression,2.19E-05,0.115417969,0.213239304,3,1,18,6,270,1,0.5,TRUE
4WcVLFDY5ZTu,isotropic_elastic,validate,RIGHT,uniform,compression,0.000108503,0.593699985,0.253606917,3,1,18,6,270,1,0.5,TRUE
34Rtxf7LGLPS,isotropic_elastic,validate,RIGHT,uniform,compression,0.000147346,0.774555193,0.208315832,3,1,18,6,270,1,0.5,TRUE
4uFwM4iqbTzd,isotropic_elastic,validate,RIGHT,uniform,compression,5.32E-05,0.296257727,0.27405784,3,1,18,6,270,1,0.5,TRUE
5VG5Bdot6Jbo,isotropic_elastic,validate,RIGHT,uniform,compression,8.98E-05,0.480851326,0.229431768,3,1,18,6,270,1,0.5,TRUE
7V5j25mGabgV,isotropic_elastic,validate,RIGHT,uniform,compression,0.000160062,0.902773479,0.288878165,3,1,18,6,270,1,0.5,TRUE
6VyF4hDVQnp9,isotropic_elastic,validate,RIGHT,uniform,compression,0.000180058,0.960579646,0.224803233,3,1,18,6,270,1,0.5,TRUE
7w5zUgzWjz68,isotropic_elastic,validate,RIGHT,uniform,compression,9.80E-05,0.538655669,0.25922907,3,1,18,6,270,1,0.5,TRUE
62HWx2YZDywc,isotropic_elastic,validate,RIGHT,uniform,compression,4.41E-05,0.23802069,0.23805953,3,1,18,6,270,1,0.5,TRUE
JVwyPuSSDo6K,isotropic_elastic,validate,RIGHT,uniform,compression,0.0001281,0.716316547,0.278787085,3,1,18,6,270,1,0.5,TRUE
6qBeqcx4EtyQ,isotropic_elastic,validate,RIGHT,uniform,compression,0.000121267,0.651945606,0.233502091,3,1,18,6,270,1,0.5,TRUE
59Yxh27anceW,isotropic_elastic,validate,RIGHT,uniform,compression,3.05E-05,0.173661765,0.298871952,3,1,18,6,270,1,0.5,TRUE
7EVx6aLr9Wfa,isotropic_elastic,validate,RIGHT,uniform,compression,7.24E-05,0.379331719,0.204617812,3,1,18,6,270,1,0.5,TRUE
3XDVpUhAc9Fi,isotropic_elastic,validate,RIGHT,uniform,compression,0.000145163,0.801267713,0.263691727,3,1,18,6,270,1,0.5,TRUE
6sA2BweYetKH,isotropic_elastic,test,RIGHT,uniform,compression,0.000149283,0.792214681,0.2188916,3,1,18,6,270,1,0.5,TRUE
7fAtcmZWfmDA,isotropic_elastic,test,RIGHT,uniform,compression,6.73E-05,0.370388659,0.25957581,3,1,18,6,270,1,0.5,TRUE
y9ySrQ9p9eoE,isotropic_elastic,test,RIGHT,uniform,compression,3.36E-05,0.182379198,0.243086951,3,1,18,6,270,1,0.5,TRUE
5nD2NWztkpps,isotropic_elastic,test,RIGHT,uniform,compression,0.000118211,0.660333342,0.27756672,3,1,18,6,270,1,0.5,TRUE
7Umnkd39xgkj,isotropic_elastic,test,RIGHT,uniform,compression,0.000131386,0.707592245,0.235498294,3,1,18,6,270,1,0.5,TRUE
8Ld6qumc56QE,isotropic_elastic,test,RIGHT,uniform,compression,4.05E-05,0.229626086,0.29462814,3,1,18,6,270,1,0.5,TRUE
6QwJU7UAFqZZ,isotropic_elastic,test,RIGHT,uniform,compression,0.000104793,0.547701836,0.201931113,3,1,18,6,270,1,0.5,TRUE
53DGXJH2tjYj,isotropic_elastic,test,RIGHT,uniform,compression,0.000175104,0.969515842,0.26725887,3,1,18,6,270,1,0.5,TRUE
D6PkrB4KRJ3P,isotropic_elastic,test,RIGHT,uniform,compression,0.000168588,0.914820286,0.244078062,3,1,18,6,270,1,0.5,TRUE
3P6fmJyAe7Ue,isotropic_elastic,test,RIGHT,uniform,compression,8.77E-05,0.493007889,0.284389742,3,1,18,6,270,1,0.5,TRUE
4njaqKcchihT,isotropic_elastic,test,RIGHT,uniform,compression,5.35E-05,0.283887338,0.218272816,3,1,18,6,270,1,0.5,TRUE
5ozC7HjKf29s,isotropic_elastic,test,RIGHT,uniform,compression,0.000139384,0.761855322,0.252380485,3,1,18,6,270,1,0.5,TRUE
fhHdbLxokXui,isotropic_elastic,test,RIGHT,uniform,compression,0.000115088,0.606077239,0.21031815,3,1,18,6,270,1,0.5,TRUE
59MJdMuGvk9r,isotropic_elastic,test,RIGHT,uniform,compression,2.31E-05,0.128124705,0.269807891,3,1,18,6,270,1,0.5,TRUE
3ub7Tq2vs85L,isotropic_elastic,test,RIGHT,uniform,compression,7.95E-05,0.425089364,0.226751138,3,1,18,6,270,1,0.5,TRUE
7JoC8nt4rVrp,isotropic_elastic,test,RIGHT,uniform,compression,0.000149706,0.846917211,0.292439215,3,1,18,6,270,1,0.5,TRUE
BBiGGFXuSLYg,isotropic_elastic,test,RIGHT,uniform,compression,0.00016578,0.887172553,0.22831997,3,1,18,6,270,1,0.5,TRUE
5BXC6AvwtVdx,isotropic_elastic,test,RIGHT,uniform,compression,7.26E-05,0.409000292,0.287745001,3,1,18,6,270,1,0.5,TRUE
3EZb9SvJpYcD,isotropic_elastic,test,RIGHT,uniform,compression,2.73E-05,0.143547302,0.208762341,3,1,18,6,270,1,0.5,TRUE
79Jqgi5UtQNk,isotropic_elastic,test,RIGHT,uniform,compression,0.000101519,0.565594875,0.274489082,3,1,18,6,270,1,0.5,TRUE
6fZfmjoxbrug,isotropic_elastic,test,RIGHT,uniform,compression,0.000141322,0.746410414,0.213579008,3,1,18,6,270,1,0.5,TRUE
rVHYbjHrfJsE,isotropic_elastic,test,RIGHT,uniform,compression,5.93E-05,0.32437829,0.253949675,3,1,18,6,270,1,0.5,TRUE
8EJEBKQ567qN,isotropic_elastic,test,RIGHT,uniform,compression,8.31E-05,0.452730227,0.248758847,3,1,18,6,270,1,0.5,TRUE
3JNssoJ7YKUX,isotropic_elastic,test,RIGHT,uniform,compression,0.000165903,0.930917937,0.282833576,3,1,18,6,270,1,0.5,TRUE
3ndLmyXidixb,isotropic_elastic,test,RIGHT,uniform,compression,0.000188901,0.988694814,0.203500305,3,1,18,6,270,1,0.5,TRUE
64QKcS3jwKBm,isotropic_elastic,test,RIGHT,uniform,compression,9.26E-05,0.510508928,0.26256506,3,1,18,6,270,1,0.5,TRUE
46s8hXansPwZ,isotropic_elastic,test,RIGHT,uniform,compression,4.95E-05,0.266167109,0.233942126,3,1,18,6,270,1,0.5,TRUE
7rJDZUTN3vgu,isotropic_elastic,test,RIGHT,uniform,compression,0.000120947,0.688200842,0.299308927,3,1,18,6,270,1,0.5,TRUE
7FvALQ5zhPEb,isotropic_elastic,test,RIGHT,uniform,compression,0.000115535,0.623811206,0.238392736,3,1,18,6,270,1,0.5,TRUE
ndmh3Fs8of6p,isotropic_elastic,test,RIGHT,uniform,compression,3.61E-05,0.201765457,0.279135553,3,1,18,6,270,1,0.5,TRUE
4hbu9GmqcBs2,isotropic_elastic,test,RIGHT,uniform,compression,6.59E-05,0.351228564,0.223572792,3,1,18,6,270,1,0.5,TRUE
5LQQLNii3n7M,isotropic_elastic,test,RIGHT,uniform,compression,0.000151,0.829402434,0.25802,3,1,18,6,270,1,0.5,TRUE
7KFhbezez36d,isotropic_elastic,test,RIGHT,uniform,compression,0.000149461,0.809261548,0.241587672,3,1,18,6,270,1,0.5,TRUE
4xdNcUt2RGPW,isotropic_elastic,test,RIGHT,uniform,compression,5.93E-05,0.330963975,0.276040193,3,1,18,6,270,1,0.5,TRUE
5jUNPXZ554Fv,isotropic_elastic,test,RIGHT,uniform,compression,3.62E-05,0.192147556,0.220470237,3,1,18,6,270,1,0.5,TRUE
6eKjbWM6U4sy,isotropic_elastic,test,RIGHT,uniform,compression,0.000111487,0.614069816,0.261218316,3,1,18,6,270,1,0.5,TRUE
3kwF9ihXM4mb,isotropic_elastic,test,RIGHT,uniform,compression,0.000127977,0.667894727,0.20030823,3,1,18,6,270,1,0.5,TRUE
6dqheAFmFSmy,isotropic_elastic,test,RIGHT,uniform,compression,4.45E-05,0.245957017,0.265657559,3,1,18,6,270,1,0.5,TRUE
4B7Tak3vL9Ek,isotropic_elastic,test,RIGHT,uniform,compression,9.29E-05,0.500835671,0.237054026,3,1,18,6,270,1,0.5,TRUE
7XB8CxVtPvme,isotropic_elastic,test,RIGHT,uniform,compression,0.00017254,0.979117795,0.296101266,3,1,18,6,270,1,0.5,TRUE
7XYK9LqQ2DUp,isotropic_elastic,test,RIGHT,uniform,compression,0.0001746,0.924828969,0.216792051,3,1,18,6,270,1,0.5,TRUE
UZ8Fw9nRCptp,isotropic_elastic,test,RIGHT,uniform,compression,8.18E-05,0.446545236,0.250835421,3,1,18,6,270,1,0.5,TRUE
5SEZyhnJiE75,isotropic_elastic,test,RIGHT,uniform,compression,5.53E-05,0.300680146,0.245674782,3,1,18,6,270,1,0.5,TRUE
i2QKFqsYHg33,isotropic_elastic,test,RIGHT,uniform,compression,0.000128432,0.722616032,0.28601414,3,1,18,6,270,1,0.5,TRUE
76r84nw4ueHP,isotropic_elastic,test,RIGHT,uniform,compression,0.00010482,0.559341537,0.225097962,3,1,18,6,270,1,0.5,TRUE
6zMSiXBut9hj,isotropic_elastic,test,RIGHT,uniform,compression,2.43E-05,0.137417667,0.290868221,3,1,18,6,270,1,0.5,TRUE
3pfnFrSXxvPW,isotropic_elastic,test,RIGHT,uniform,compression,7.31E-05,0.385247651,0.211843164,3,1,18,6,270,1,0.5,TRUE
5jnqYGVhy3TC,isotropic_elastic,test,RIGHT,uniform,compression,0.000155421,0.8635434,0.271311758,3,1,18,6,270,1,0.5,TRUE
rAKnCEed8xRS,isotropic_elastic,test,RIGHT,uniform,compression,0.000160104,0.840745801,0.207162378,3,1,18,6,270,1,0.5,TRUE
7xfckX4QVKVc,isotropic_elastic,test,RIGHT,uniform,compression,7.53E-05,0.419041658,0.272867926,3,1,18,6,270,1,0.5,TRUE
eoYQcbuUL4yG,isotropic_elastic,test,RIGHT,uniform,compression,1.95E-05,0.104289277,0.229791772,3,1,18,6,270,1,0.5,TRUE
7rDrqWNiQCHP,isotropic_elastic,test,RIGHT,uniform,compression,0.000103217,0.5823653,0.289299029,3,1,18,6,270,1,0.5,TRUE
Xq3e89LqeySd,isotropic_elastic,test,RIGHT,uniform,compression,0.000138888,0.755739278,0.247230592,3,1,18,6,270,1,0.5,TRUE
3MwziSpsnBFH,isotropic_elastic,test,RIGHT,uniform,compression,4.95E-05,0.277675271,0.281332949,3,1,18,6,270,1,0.5,TRUE
3iahc7cqanGQ,isotropic_elastic,test,RIGHT,uniform,compression,8.87E-05,0.46933768,0.215223217,3,1,18,6,270,1,0.5,TRUE
3yJFa9LqNMRQ,isotropic_elastic,test,RIGHT,uniform,compression,0.000162575,0.89105384,0.255529636,3,1,18,6,270,1,0.5,TRUE
6Eyzx82kKFvT,isotropic_elastic,test,RIGHT,uniform,compression,0.000176753,0.949292594,0.232372836,3,1,18,6,270,1,0.5,TRUE
3tsWe6aKmvgg,isotropic_elastic,test,RIGHT,uniform,compression,9.28E-05,0.52757461,0.297657075,3,1,18,6,270,1,0.5,TRUE
75dn2iyrtbPY,isotropic_elastic,test,RIGHT,uniform,compression,4.20E-05,0.21987082,0.205002444,3,1,18,6,270,1,0.5,TRUE
5A8nUkwbRaJS,isotropic_elastic,test,RIGHT,uniform,compression,0.000126399,0.697933217,0.264088727,3,1,18,6,270,1,0.5,TRUE
8LTz3WP3fAgN,isotropic_elastic,test,RIGHT,uniform,compression,0.000120294,0.640164601,0.222026403,3,1,18,6,270,1,0.5,TRUE
3hY96ufB4rKk,isotropic_elastic,test,RIGHT,uniform,compression,2.95E-05,0.162086754,0.256537531,3,1,18,6,270,1,0.5,TRUE
4RExEwzt9bMv,isotropic_elastic,test,RIGHT,uniform,compression,6.67E-05,0.360797754,0.240018482,3,1,18,6,270,1,0.5,TRUE
6HnRkfV8qPUV,isotropic_elastic,test,RIGHT,uniform,compression,0.000139703,0.782500288,0.280734001,3,1,18,6,270,1,0.5,TRUE
