UID,material,set,mode,loadmap,load_setting,load,@MAT_OPTS:E,@MAT_OPTS:v,@MESH:width,@MESH:height,@MESH:w_res,@MESH:h_res,@LD_OPTS:load_direction,@LD_OPTS:tensile_factor,@LD_OPTS:shear_factor,@LD_OPTS:compression
6FwMBNpGX2rd,isotropic_elastic,train,RIGHT,uniform,compression,0.00014733974390891534,0.7783015671186149,0.21373369107022883,3.0,1.0,24.0,8.0,270.0,1.0,0.5,True
5EQ5GLtH2PwD,isotropic_elastic,train,RIGHT,uniform,compression,6.511074480777195e-05,0.35659903315827257,0.25467504244297745,3.0,1.0,24.0,8.0,270.0,1.0,0.5,True
4HKkuH8eGfXz,isotropic_elastic,train,RIGHT,uniform,compression,3.0919103295975675e-05,0.1684900362044573,0.24891544273123145,3.0,1.0,24.0,8.0,270.0,1.0,0.5,True
3hSXKRXXRNRk,isotropic_elastic,train,RIGHT,uniform,compression,0.00011515692428360622,0.6465678829699755,0.28355474174022677,3.0,1.0,24.0,8.0,270.0,1.0,0.5,True
4r28iQrh8GTY,isotropic_elastic,train,RIGHT,uniform,compression,0.00012951315024131802,0.6933495409786701,0.22874206826090812,3.0,1.0,24.0,8.0,270.0,1.0,0.5,True
3Bjz4fzaa9wx,isotropic_elastic,train,RIGHT,uniform,compression,3.819880816018913e-05,0.21528714373707772,0.28800535267218946,3.0,1.0,24.0,8.0,270.0,1.0,0.5,True
7i3i7KDJ49qA,isotropic_elastic,train,RIGHT,uniform,compression,0.00010140635324889705,0.5334830834530294,0.2091886317357421,3.0,1.0,24.0,8.0,270.0,1.0,0.5,True
E89JqZUCe9Ya,isotropic_elastic,train,RIGHT,uniform,compression,0.00017141140377891498,0.9552010669372976,0.2747475289739668,3.0,1.0,24.0,8.0,270.0,1.0,0.5,True
ZPmwZ6S7eoJ8,isotropic_elastic,train,RIGHT,uniform,compression,0.0001667783300399334,0.9009105245582759,0.23892011754214765,3.0,1.0,24.0,8.0,270.0,1.0,0.5,True
628iUGCpRuFi,isotropic_elastic,train,RIGHT,uniform,compression,8.56434565822722e-05,0.4791943649761379,0.27948898551985624,3.0,1.0,24.0,8.0,270.0,1.0,0.5,True
ecw6dAieyowS,isotropic_elastic,train,RIGHT,uniform,compression,5.0644099149907975e-05,0.2700085561722517,0.22410131860524415,3.0,1.0,24.0,8.0,270.0,1.0,0.5,True
7cq5c6pXv62m,isotropic_elastic,train,RIGHT,uniform,compression,0.00013615166169347626,0.748072562739253,0.2583684724755585,3.0,1.0,24.0,8.0,270.0,1.0,0.5,True
7xrJrEvbxVae,isotropic_elastic,train,RIGHT,uniform,compression,0.00011307069297381075,0.5918378874659539,0.20356191294267775,3.0,1.0,24.0,8.0,270.0,1.0,0.5,True
5ENaGyHeENxB,isotropic_elastic,train,RIGHT,uniform,compression,2.0618852359718693e-05,0.11376186460256577,0.2631851384416223,3.0,1.0,24.0,8.0,270.0,1.0,0.5,True
5FhKGoinqoFY,isotropic_elastic,train,RIGHT,uniform,compression,7.639308929931416e-05,0.41088099246844656,0.23400869173929095,3.0,1.0,24.0,8.0,270.0,1.0,0.5,True
6LT87oynVrQp,isotropic_elastic,train,RIGHT,uniform,compression,0.0001462449923931509,0.8325851357541978,0.2999278623610735,3.0,1.0,24.0,8.0,270.0,1.0,0.5,True
iZhGay4d4EoK,isotropic_elastic,train,RIGHT,uniform,compression,0.00016216547190688258,0.8734069596976042,0.23556447634473443,3.0,1.0,24.0,8.0,270.0,1.0,0.5,True
6yRGFWoof9DR,isotropic_elastic,train,RIGHT,uniform,compression,6.967658078615332e-05,0.39511121027171614,0.29524669628590344,3.0,1.0,24.0,8.0,270.0,1.0,0.5,True
3SUUtNpMsGev,isotropic_elastic,train,RIGHT,uniform,compression,2.482542203190273e-05,0.1297578106634319,0.20199310472235085,3.0,1.0,24.0,8.0,270.0,1.0,0.5,True
73G59Fo7p4V6,isotropic_elastic,train,RIGHT,uniform,compression,9.958570505823879e-05,0.5516816805116832,0.2678793281316757,3.0,1.0,24.0,8.0,270.0,1.0,0.5,True
3rP2bSsno3x5,isotropic_elastic,train,RIGHT,uniform,compression,0.00013788927080073,0.7320955044589936,0.21942050978541375,3.0,1.0,24.0,8.0,270.0,1.0,0.5,True
4pgGkxnxVjZj,isotropic_elastic,train,RIGHT,uniform,compression,5.637395959922493e-05,0.3101596183143556,0.2599246627651155,3.0,1.0,24.0,8.0,270.0,1.0,0.5,True
7ZRbVKA4rEjL,isotropic_elastic,train,RIGHT,uniform,compression,8.082199460591033e-05,0.4383914187550545,0.24361394997686148,3.0,1.0,24.0,8.0,270.0,1.0,0.5,True
4RBFvVQRY6kZ,isotropic_elastic,train,RIGHT,uniform,compression,0.0001640516389332981,0.9166751518845558,0.2779197716154158,3.0,1.0,24.0,8.0,270.0,1.0,0.5,True
74REcwHAKoVs,isotropic_elastic,train,RIGHT,uniform,compression,0.0001850556877138054,0.9749121893197298,0.21074482314288617,3.0,1.0,24.0,8.0,270.0,1.0,0.5,True
7kaWRxXk4FmP,isotropic_elastic,train,RIGHT,uniform,compression,8.947952054601188e-05,0.4966300655156374,0.27006671903654933,3.0,1.0,24.0,8.0,270.0,1.0,0.5,True
5smEaq3dAXCk,isotropic_elastic,train,RIGHT,uniform,compression,4.720362539593619e-05,0.252353450935334,0.22717285323888065,3.0,1.0,24.0,8.0,270.0,1.0,0.5,True
5UXZpWpoXkpX,isotropic_elastic,train,RIGHT,uniform,compression,0.00011916553980159713,0.6742911609821022,0.2926991862244904,3.0,1.0,24.0,8.0,270.0,1.0,0.5,True
5EwN5jAyvJfs,isotropic_elastic,train,RIGHT,uniform,compression,0.00011230272507231547,0.6094792648218572,0.24423427479341625,3.0,1.0,24.0,8.0,270.0,1.0,0.5,True
6XwaSYRsFTSx,isotropic_elastic,train,RIGHT,uniform,compression,3.336060112027415e-05,0.1875570042990148,0.2851105282083154,3.0,1.0,24.0,8.0,270.0,1.0,0.5,True
5rjsS5bKmupM,isotropic_elastic,train,RIGHT,uniform,compression,6.350447552754325e-05,0.3368655897676945,0.21842788262292745,3.0,1.0,24.0,8.0,270.0,1.0,0.5,True
6ets3Ggg7KbV,isotropic_elastic,train,RIGHT,uniform,compression,0.00014904245036572968,0.8151631630957127,0.2531062323600054,3.0,1.0,24.0,8.0,270.0,1.0,0.5,True
5PQimCXB9Q6n,isotropic_elastic,train,RIGHT,uniform,compression,0.00015125366296786218,0.8230544994585216,0.24726969022303819,3.0,1.0,24.0,8.0,270.0,1.0,0.5,True
5BfgFX94QgWM,isotropic_elastic,train,RIGHT,uniform,compression,6.15074856819909e-05,0.3448806296102703,0.2819793519563973,3.0,1.0,24.0,8.0,270.0,1.0,0.5,True
3b7p88vVDFZn,isotropic_elastic,train,RIGHT,uniform,compression,3.892723522029791e-05,0.205909688398242,0.21526346467435362,3.0,1.0,24.0,8.0,270.0,1.0,0.5,True
6F35RXxqsHan,isotropic_elastic,train,RIGHT,uniform,compression,0.00011450818394780027,0.6279554378241301,0.25617107478901746,3.0,1.0,24.0,8.0,270.0,1.0,0.5,True
4SqJgQdCXsKG,isotropic_elastic,train,RIGHT,uniform,compression,0.0001298544526426281,0.6822369948029519,0.20771226836368442,3.0,1.0,24.0,8.0,270.0,1.0,0.5,True
8C7iZyEXEtpP,isotropic_elastic,train,RIGHT,uniform,compression,4.675585603109504e-05,0.2602032616734505,0.27319503463804723,3.0,1.0,24.0,8.0,270.0,1.0,0.5,True
3DRJxMKay3PG,isotropic_elastic,train,RIGHT,uniform,compression,9.608941615516487e-05,0.5151471204124392,0.23034661756828428,3.0,1.0,24.0,8.0,270.0,1.0,0.5,True
8FSnLAfiPysF,isotropic_elastic,train,RIGHT,uniform,compression,0.00017600682433065778,0.9933330065570771,0.28962499741464853,3.0,1.0,24.0,8.0,270.0,1.0,0.5,True
3eMvPvpN7GRV,isotropic_elastic,train,RIGHT,uniform,compression,0.00017631083721105693,0.9386391672305763,0.22247405787929894,3.0,1.0,24.0,8.0,270.0,1.0,0.5,True
7EqUeJSdTA5Y,isotropic_elastic,train,RIGHT,uniform,compression,8.391968987872581e-05,0.4604514571838081,0.25677461475133895,3.0,1.0,24.0,8.0,270.0,1.0,0.5,True
3xZ8YGefzNCz,isotropic_elastic,train,RIGHT,uniform,compression,5.8135424126493696e-05,0.314466230943799,0.24046804467216135,3.0,1.0,24.0,8.0,270.0,1.0,0.5,True
4TSeMHtcBVVv,isotropic_elastic,train,RIGHT,uniform,compression,0.0001314637847499586,0.7364983547478914,0.2809668881818652,3.0,1.0,24.0,8.0,270.0,1.0,0.5,True
4JBsJd5bSuqC,isotropic_elastic,train,RIGHT,uniform,compression,0.0001068075119604361,0.5737010516226292,0.23250196482986213,3.0,1.0,24.0,8.0,270.0,1.0,0.5,True
34qpwKPjqHpi,isotropic_elastic,train,RIGHT,uniform,compression,2.667238265423042e-05,0.15165347829461098,0.2984057077206671,3.0,1.0,24.0,8.0,270.0,1.0,0.5,True
iBZe63kWUobB,isotropic_elastic,train,RIGHT,uniform,compression,7.623199125588501e-05,0.39958305200561883,0.2051357664167881,3.0,1.0,24.0,8.0,270.0,1.0,0.5,True
6FzgbEdd5nxc,isotropic_elastic,train,RIGHT,uniform,compression,0.0001588627411091397,0.8777553125284612,0.2648354551754892,3.0,1.0,24.0,8.0,270.0,1.0,0.5,True
4brNBSPD7xQs,isotropic_elastic,train,RIGHT,uniform,compression,0.0001637388347459187,0.8546315569430589,0.2004419328644872,3.0,1.0,24.0,8.0,270.0,1.0,0.5,True
3BSVEy4sgHGo,isotropic_elastic,train,RIGHT,uniform,compression,7.822606197286059e-05,0.4328037101775408,0.2664046701975167,3.0,1.0,24.0,8.0,270.0,1.0,0.5,True
6g3czx6jCYkE,isotropic_elastic,train,RIGHT,uniform,compression,2.1915985594470464e-05,0.11820579795166851,0.2371827747672796,3.0,1.0,24.0,8.0,270.0,1.0,0.5,True
5Gh4Hc5Wk6nW,isotropic_elastic,train,RIGHT,uniform,compression,0.0001049883741525132,0.596158331912011,0.2968495163135231,3.0,1.0,24.0,8.0,270.0,1.0,0.5,True
5nX7JJYZxfUD,isotropic_elastic,train,RIGHT,uniform,compression,0.00014214563881884078,0.7699546231888235,0.2420368547551334,3.0,1.0,24.0,8.0,270.0,1.0,0.5,True
6CgWT2wpW7mv,isotropic_elastic,train,RIGHT,uniform,compression,5.2328746436353256e-05,0.2919866397045553,0.2762726966291666,3.0,1.0,24.0,8.0,270.0,1.0,0.5,True
7Zbp9B5JJQnT,isotropic_elastic,train,RIGHT,uniform,compression,9.096077835025696e-05,0.4835837908089161,0.22091827141121032,3.0,1.0,24.0,8.0,270.0,1.0,0.5,True
3jwuM4z6jj8h,isotropic_elastic,train,RIGHT,uniform,compression,0.00016434484842055104,0.9053961880505085,0.26145578268915415,3.0,1.0,24.0,8.0,270.0,1.0,0.5,True
7xarugVJqK7C,isotropic_elastic,train,RIGHT,uniform,compression,0.00018040873473617846,0.9631747823208571,0.2256524278782308,3.0,1.0,24.0,8.0,270.0,1.0,0.5,True
7o6Nv8d6ieFw,isotropic_elastic,train,RIGHT,uniform,compression,9.579519774197205e-05,0.5413607757538558,0.29119380563497543,3.0,1.0,24.0,8.0,270.0,1.0,0.5,True
5Qp7WEM67Vjg,isotropic_elastic,train,RIGHT,uniform,compression,4.4309429961194136e-05,0.2337771753780544,0.21239343443885447,3.0,1.0,24.0,8.0,270.0,1.0,0.5,True
7CdJMcuHSsno,isotropic_elastic,train,RIGHT,uniform,compression,0.00012806395712552232,0.7117433349601925,0.27163925003260375,3.0,1.0,24.0,8.0,270.0,1.0,0.5,True
7heYXYJit7e2,isotropic_elastic,train,RIGHT,uniform,compression,0.0001235362824316618,0.6543763793073595,0.216832678578794,3.0,1.0,24.0,8.0,270.0,1.0,0.5,True
7LxceSnUfifz,isotropic_elastic,train,RIGHT,uniform,compression,3.2302426881462054e-05,0.17642223602160811,0.2514772423543036,3.0,1.0,24.0,8.0,270.0,1.0,0.5,True
7oshxterrcPV,isotropic_elastic,train,RIGHT,uniform,compression,6.90142763320191e-05,0.3750336989760399,0.2457134999334812,3.0,1.0,24.0,8.0,270.0,1.0,0.5,True
7JpRCF9FwxoU,isotropic_elastic,train,RIGHT,uniform,compression,0.00014155004435645354,0.796859721839428,0.2866601607762277,3.0,1.0,24.0,8.0,270.0,1.0,0.5,True
4xQPAEFdtRUA,isotropic_elastic,train,RIGHT,uniform,compression,0.00014823166718027722,0.7949204185046256,0.23067677225917577,3.0,1.0,24.0,8.0,270.0,1.0,0.5,True
4Lez8YWcqsfe,isotropic_elastic,train,RIGHT,uniform,compression,6.606871208182934e-05,0.3729844250716269,0.28997651720419526,3.0,1.0,24.0,8.0,270.0,1.0,0.5,True
88NKbTsKoCfD,isotropic_elastic,train,RIGHT,uniform,compression,3.38804178926718e-05,0.17780621480196715,0.20648487880825997,3.0,1.0,24.0,8.0,270.0,1.0,0.5,True
P4LJpBydc8e4,isotropic_elastic,train,RIGHT,uniform,compression,0.0001180154150623772,0.6560900552198291,0.2719829133711755,3.0,1.0,24.0,8.0,270.0,1.0,0.5,True
5qA2HRQjdzpB,isotropic_elastic,train,RIGHT,uniform,compression,0.00013442703554169763,0.7103524880483747,0.21414290508255363,3.0,1.0,24.0,8.0,270.0,1.0,0.5,True
78wUDt3L5ESY,isotropic_elastic,train,RIGHT,uniform,compression,4.2357061999819186e-05,0.23205663133412602,0.2550474599003792,3.0,1.0,24.0,8.0,270.0,1.0,0.5,True
6xABvzHjtWmL,isotropic_elastic,train,RIGHT,uniform,compression,9.980294160366002e-05,0.5432932143099606,0.2477127776481211,3.0,1.0,24.0,8.0,270.0,1.0,0.5,True
3vqSfpJRMvev,isotropic_elastic,train,RIGHT,uniform,compression,0.0001720772700742288,0.9652171914465726,0.2824132753536105,3.0,1.0,24.0,8.0,270.0,1.0,0.5,True
4RGi36DcxUnK,isotropic_elastic,train,RIGHT,uniform,compression,0.00017365025344947207,0.910494062397629,0.20547241820022466,3.0,1.0,24.0,8.0,270.0,1.0,0.5,True
4ReUDGrgVijK,isotropic_elastic,train,RIGHT,uniform,compression,8.839901442072635e-05,0.4885719091631472,0.26518126465380193,3.0,1.0,24.0,8.0,270.0,1.0,0.5,True
3VYEBGxTNRX2,isotropic_elastic,train,RIGHT,uniform,compression,5.336735406339297e-05,0.2863454570993781,0.23128030942752958,3.0,1.0,24.0,8.0,270.0,1.0,0.5,True
7aMGY3CpY48e,isotropic_elastic,train,RIGHT,uniform,compression,0.00013462153087942188,0.7646429231390357,0.2971871132031083,3.0,1.0,24.0,8.0,270.0,1.0,0.5,True
5LmBa344F4V8,isotropic_elastic,train,RIGHT,uniform,compression,0.00011136514680610844,0.6018063792958855,0.23935319501906632,3.0,1.0,24.0,8.0,270.0,1.0,0.5,True
4VvxuHzabwAq,isotropic_elastic,train,RIGHT,uniform,compression,2.2070189605887184e-05,0.12352436278015376,0.27983677657321093,3.0,1.0,24.0,8.0,270.0,1.0,0.5,True
48Nnk2GHoob2,isotropic_elastic,train,RIGHT,uniform,compression,8.03079672399311e-05,0.427712703961879,0.22292361818253995,3.0,1.0,24.0,8.0,270.0,1.0,0.5,True
5gh83fwcn9Nz,isotropic_elastic,train,RIGHT,uniform,compression,0.0001547956544467168,0.8496503067202866,0.2572028043679893,3.0,1.0,24.0,8.0,270.0,1.0,0.5,True
3TLy7XtZeqHd,isotropic_elastic,train,RIGHT,uniform,compression,0.0001659807856076957,0.8827638944610954,0.2213552376255393,3.0,1.0,24.0,8.0,270.0,1.0,0.5,True
8EruLgzeZKv6,isotropic_elastic,train,RIGHT,uniform,compression,7.34322754173284e-05,0.4047016045078635,0.26189580345526337,3.0,1.0,24.0,8.0,270.0,1.0,0.5,True
4H7TskUWooDa,isotropic_elastic,train,RIGHT,uniform,compression,2.7037401030162642e-05,0.146307581756264,0.24091017320752145,3.0,1.0,24.0,8.0,270.0,1.0,0.5,True
5Xi5FLyFubgK,isotropic_elastic,train,RIGHT,uniform,compression,0.0001018968957327912,0.5680254579521716,0.2751551798544824,3.0,1.0,24.0,8.0,270.0,1.0,0.5,True
8MsdBDMgejyW,isotropic_elastic,train,RIGHT,uniform,compression,0.00013768724974189958,0.7418373865075409,0.23597371419891716,3.0,1.0,24.0,8.0,270.0,1.0,0.5,True
niiBtvysi4sq,isotropic_elastic,train,RIGHT,uniform,compression,5.6437002027596e-05,0.3201349598355592,0.29561908990144725,3.0,1.0,24.0,8.0,270.0,1.0,0.5,True
6B7YNpng6B9H,isotropic_elastic,train,RIGHT,uniform,compression,8.722944531309724e-05,0.4554360071197152,0.2007904157973826,3.0,1.0,24.0,8.0,270.0,1.0,0.5,True
89FrW5TL8S2C,isotropic_elastic,train,RIGHT,uniform,compression,0.00016867721301162833,0.9335137465968728,0.2667378855869174,3.0,1.0,24.0,8.0,270.0,1.0,0.5,True
hgs94uhrDyVz,isotropic_elastic,train,RIGHT,uniform,compression,0.00018235504501809414,0.9913181973621249,0.24614475620910525,3.0,1.0,24.0,8.0,270.0,1.0,0.5,True
N9BNxmnN3HFg,isotropic_elastic,train,RIGHT,uniform,compression,9.113507365975325e-05,0.5132420672103762,0.2871066782623529,3.0,1.0,24.0,8.0,270.0,1.0,0.5,True
3GXxEjffjdmu,isotropic_elastic,train,RIGHT,uniform,compression,4.9492163734045554e-05,0.26189620578661565,0.21569952415302396,3.0,1.0,24.0,8.0,270.0,1.0,0.5,True
64eyTuRt6n8F,isotropic_elastic,train,RIGHT,uniform,compression,0.00012528678950638218,0.6836004563607275,0.2503654593601823,3.0,1.0,24.0,8.0,270.0,1.0,0.5,True
7BYnZs7XY4B3,isotropic_elastic,train,RIGHT,uniform,compression,0.00011883083673117892,0.6262693618424237,0.21117787677794697,3.0,1.0,24.0,8.0,270.0,1.0,0.5,True
7LNCv5ZvUjCy,isotropic_elastic,train,RIGHT,uniform,compression,3.684400018989743e-05,0.20455309497192503,0.27041453393176196,3.0,1.0,24.0,8.0,270.0,1.0,0.5,True
3sW4J3ZbMTFC,isotropic_elastic,train,RIGHT,uniform,compression,6.495721589784228e-05,0.34690230358392005,0.22599517665803434,3.0,1.0,24.0,8.0,270.0,1.0,0.5,True
6rA7nB9ykyGt,isotropic_elastic,train,RIGHT,uniform,compression,0.00014593794317560506,0.8249664174392819,0.29153349427506325,3.0,1.0,24.0,8.0,270.0,1.0,0.5,True
693pnqLnzcY4,isotropic_elastic,train,RIGHT,uniform,compression,0.0001534479324551788,0.8064465881325305,0.20806043939664962,3.0,1.0,24.0,8.0,270.0,1.0,0.5,True
5Qb4Law79wqy,isotropic_elastic,train,RIGHT,uniform,compression,5.9002302593695206e-05,0.32847871193662287,0.2736284950748086,3.0,1.0,24.0,8.0,270.0,1.0,0.5,True
7r7uGoXryoSx,isotropic_elastic,train,RIGHT,uniform,compression,3.6711355851631346e-05,0.19661089386790992,0.22918056948110463,3.0,1.0,24.0,8.0,270.0,1.0,0.5,True
73JdAVnPejN8,isotropic_elastic,train,RIGHT,uniform,compression,0.00010968686695856633,0.6184231838211417,0.28844691403210165,3.0,1.0,24.0,8.0,270.0,1.0,0.5,True
34HmMPL2qYx9,isotropic_elastic,train,RIGHT,uniform,compression,0.00012203965719624063,0.6652441361919046,0.24926543645560742,3.0,1.0,24.0,8.0,270.0,1.0,0.5,True
5345ejKgPKXA,isotropic_elastic,train,RIGHT,uniform,compression,4.334129829799631e-05,0.24341639671474696,0.2838894742541015,3.0,1.0,24.0,8.0,270.0,1.0,0.5,True
7NwQHPNgpZJ8,isotropic_elastic,train,RIGHT,uniform,compression,9.577205655512494e-05,0.5053535086102784,0.21252309549599888,3.0,1.0,24.0,8.0,270.0,1.0,0.5,True
5PTsvuFaA8K4,isotropic_elastic,train,RIGHT,uniform,compression,0.0001797325473397147,0.9833059352822602,0.25344307543709876,3.0,1.0,24.0,8.0,270.0,1.0,0.5,True
7Z5okHd8JZwo,isotropic_elastic,train,RIGHT,uniform,compression,0.00017290595226078024,0.9290446826256812,0.23287400230765343,3.0,1.0,24.0,8.0,270.0,1.0,0.5,True
3strb6JzCgYY,isotropic_elastic,train,RIGHT,uniform,compression,7.930916340528919e-05,0.4510904320515693,0.29881453877314923,3.0,1.0,24.0,8.0,270.0,1.0,0.5,True
83HmBqYyuDV8,isotropic_elastic,train,RIGHT,uniform,compression,5.693206336465258e-05,0.2981119526550174,0.20399468000978233,3.0,1.0,24.0,8.0,270.0,1.0,0.5,True
7zTZXi7xWEBC,isotropic_elastic,train,RIGHT,uniform,compression,0.00013043518494949792,0.7199380828067661,0.26363317305222156,3.0,1.0,24.0,8.0,270.0,1.0,0.5,True
8GkuDvMLwj6c,isotropic_elastic,train,RIGHT,uniform,compression,0.00010570211865987217,0.5637224780395628,0.22444560239091516,3.0,1.0,24.0,8.0,270.0,1.0,0.5,True
6aCvo8hQb3pB,isotropic_elastic,train,RIGHT,uniform,compression,2.5820145097294833e-05,0.14190836418420077,0.2587097017094493,3.0,1.0,24.0,8.0,270.0,1.0,0.5,True
5VdJHuQSkN6w,isotropic_elastic,train,RIGHT,uniform,compression,7.092856640022149e-05,0.3827348147518933,0.2377030490897596,3.0,1.0,24.0,8.0,270.0,1.0,0.5,True
zqtGpvN3tqTz,isotropic_elastic,train,RIGHT,uniform,compression,0.00015398912925163852,0.8607010816223919,0.2782627522945404,3.0,1.0,24.0,8.0,270.0,1.0,0.5,True
6GP7KUVDiuHz,isotropic_elastic,train,RIGHT,uniform,compression,0.00015600118328313169,0.8452636821195483,0.2423850496299565,3.0,1.0,24.0,8.0,270.0,1.0,0.5,True
42P9WEjV3Eri,isotropic_elastic,train,RIGHT,uniform,compression,7.58215136555357e-05,0.4232298417016864,0.27670613322407006,3.0,1.0,24.0,8.0,270.0,1.0,0.5,True
3oYYKBtL8BZZ,isotropic_elastic,train,RIGHT,uniform,compression,1.9137844615378667e-05,0.10163864279165864,0.21975219948217273,3.0,1.0,24.0,8.0,270.0,1.0,0.5,True
3b3XRjVRKvHK,isotropic_elastic,train,RIGHT,uniform,compression,0.0001053554747586479,0.5798246362246573,0.26027772314846515,3.0,1.0,24.0,8.0,270.0,1.0,0.5,True
4HTHybSskavA,isotropic_elastic,train,RIGHT,uniform,compression,0.00014538443354320123,0.7602026526816189,0.2024377029389143,3.0,1.0,24.0,8.0,270.0,1.0,0.5,True
3vGfXpkscTZt,isotropic_elastic,train,RIGHT,uniform,compression,5.089074487544217e-05,0.282028675545007,0.268314768653363,3.0,1.0,24.0,8.0,270.0,1.0,0.5,True
7x5G9FCwwo5c,isotropic_elastic,train,RIGHT,uniform,compression,8.670507123131379e-05,0.4665226833894849,0.23444238174706697,3.0,1.0,24.0,8.0,270.0,1.0,0.5,True
4oEcWujZXKgJ,isotropic_elastic,train,RIGHT,uniform,compression,0.00015684529401267723,0.8885685401037335,0.29412154080346226,3.0,1.0,24.0,8.0,270.0,1.0,0.5,True
3LMcrkt5zsYX,isotropic_elastic,train,RIGHT,uniform,compression,0.0001786781245610677,0.946779721044004,0.2172046922147274,3.0,1.0,24.0,8.0,270.0,1.0,0.5,True
4A5XfnnPaWH9,isotropic_elastic,train,RIGHT,uniform,compression,9.604280062036265e-05,0.5247322550043464,0.25188609724864364,3.0,1.0,24.0,8.0,270.0,1.0,0.5,True
Luxp2fMG9S5F,isotropic_elastic,train,RIGHT,uniform,compression,4.1308421390706507e-05,0.22425179788842797,0.24457243736833334,3.0,1.0,24.0,8.0,270.0,1.0,0.5,True
7xcAVQDFfEon,isotropic_elastic,train,RIGHT,uniform,compression,0.00012490261537824956,0.7024239511229098,0.28545785481110214,3.0,1.0,24.0,8.0,270.0,1.0,0.5,True
4QpFpFXUhzWM,isotropic_elastic,train,RIGHT,uniform,compression,0.00011921697608053667,0.6375963640399277,0.22762394854798915,3.0,1.0,24.0,8.0,270.0,1.0,0.5,True
faHWmkTjEf8Y,isotropic_elastic,train,RIGHT,uniform,compression,2.8161607512683995e-05,0.15940876128152015,0.29312891643494365,3.0,1.0,24.0,8.0,270.0,1.0,0.5,True
6EcAmehJPEAn,isotropic_elastic,train,RIGHT,uniform,compression,6.935562016145338e-05,0.36501351092010736,0.20962846269831062,3.0,1.0,24.0,8.0,270.0,1.0,0.5,True
59NmbsTJJN9Q,isotropic_elastic,train,RIGHT,uniform,compression,0.00014194281628600064,0.7870455274358392,0.268935090303421,3.0,1.0,24.0,8.0,270.0,1.0,0.5,True
3achW5h8DYK8,isotropic_elastic,train,RIGHT,uniform,compression,0.0001452434525084713,0.7854268109425903,0.24014316285029053,3.0,1.0,24.0,8.0,270.0,1.0,0.5,True
35x6UrabHcmw,isotropic_elastic,train,RIGHT,uniform,compression,6.49298806922019e-05,0.3636144137009979,0.28051061537116767,3.0,1.0,24.0,8.0,270.0,1.0,0.5,True
4tARf4eeeEFZ,isotropic_elastic,train,RIGHT,uniform,compression,3.0338080365471713e-05,0.1614737973548472,0.22220079516991972,3.0,1.0,24.0,8.0,270.0,1.0,0.5,True
7iWySjvbSUBo,isotropic_elastic,train,RIGHT,uniform,compression,0.00011659305807572352,0.6394417808391154,0.25626653209328654,3.0,1.0,24.0,8.0,270.0,1.0,0.5,True
5fefvQQSP8X9,isotropic_elastic,train,RIGHT,uniform,compression,0.00013363630466307032,0.7003108498640358,0.20487192124128342,3.0,1.0,24.0,8.0,270.0,1.0,0.5,True
5jW4rnVTKgFz,isotropic_elastic,train,RIGHT,uniform,compression,4.02620587132291e-05,0.22235831590369343,0.2643181457184255,3.0,1.0,24.0,8.0,270.0,1.0,0.5,True
543DRDrbGsoF,isotropic_elastic,train,RIGHT,uniform,compression,9.803057519740515e-05,0.5264127695932984,0.2321920795366168,3.0,1.0,24.0,8.0,270.0,1.0,0.5,True
Wz2wskkM8WkE,isotropic_elastic,train,RIGHT,uniform,compression,0.00016684018339090787,0.9482406163588166,0.2979342476464808,3.0,1.0,24.0,8.0,270.0,1.0,0.5,True
4JnioKukg2hb,isotropic_elastic,train,RIGHT,uniform,compression,0.00016905199922768427,0.89397754650563,0.21496282853186133,3.0,1.0,24.0,8.0,270.0,1.0,0.5,True
5K6pUPvLrb4R,isotropic_elastic,train,RIGHT,uniform,compression,8.613317207148214e-05,0.472151523642242,0.2556905562989414,3.0,1.0,24.0,8.0,270.0,1.0,0.5,True
4kLbmugBVMgG,isotropic_elastic,train,RIGHT,uniform,compression,5.092528277269416e-05,0.2770522558130324,0.2470210099592805,3.0,1.0,24.0,8.0,270.0,1.0,0.5,True
3jqeNzbFNgr4,isotropic_elastic,train,RIGHT,uniform,compression,0.00013471227017700622,0.7550063990987838,0.28144668685272334,3.0,1.0,24.0,8.0,270.0,1.0,0.5,True
4tLGFTxdEKaz,isotropic_elastic,train,RIGHT,uniform,compression,0.00010909816569861408,0.5847392578609288,0.23005819292739033,3.0,1.0,24.0,8.0,270.0,1.0,0.5,True
BJVJzigmmJSH,isotropic_elastic,train,RIGHT,uniform,compression,1.8926837647472287e-05,0.10677309827879072,0.2891322674229741,3.0,1.0,24.0,8.0,270.0,1.0,0.5,True
3SGwZUGmnB7Z,isotropic_elastic,train,RIGHT,uniform,compression,7.955955097414745e-05,0.41786890048533676,0.20737813441082836,3.0,1.0,24.0,8.0,270.0,1.0,0.5,True
qCWys6LLr6eb,isotropic_elastic,train,RIGHT,uniform,compression,0.00015094033559142324,0.8396829070523382,0.27274782322347163,3.0,1.0,24.0,8.0,270.0,1.0,0.5,True
45xufAQW6tMn,isotropic_elastic,train,RIGHT,uniform,compression,0.00016425031561777463,0.8663366609252989,0.21207153284922242,3.0,1.0,24.0,8.0,270.0,1.0,0.5,True
g9AmZRX746Xy,isotropic_elastic,train,RIGHT,uniform,compression,6.986753786792022e-05,0.38815077478066085,0.27117980625480415,3.0,1.0,24.0,8.0,270.0,1.0,0.5,True
3mduVfiMrQ3w,isotropic_elastic,train,RIGHT,uniform,compression,2.5614640568318904e-05,0.13671910446137192,0.22537618493661285,3.0,1.0,24.0,8.0,270.0,1.0,0.5,True
39Lb9ura4ANA,isotropic_elastic,train,RIGHT,uniform,compression,9.891508994236188e-05,0.5587528375908732,0.29068889394402503,3.0,1.0,24.0,8.0,270.0,1.0,0.5,True
58EJwzgVwGs4,isotropic_elastic,train,RIGHT,uniform,compression,0.00013346067905256156,0.725079277344048,0.2454526349902153,3.0,1.0,24.0,8.0,270.0,1.0,0.5,True
73w3SBnoFqaH,isotropic_elastic,train,RIGHT,uniform,compression,5.3853138161248055e-05,0.30303352791815996,0.286139680352062,3.0,1.0,24.0,8.0,270.0,1.0,0.5,True
4HQHmHizUkHE,isotropic_elastic,train,RIGHT,uniform,compression,8.41302906862871e-05,0.4455166508443654,0.21651981305330992,3.0,1.0,24.0,8.0,270.0,1.0,0.5,True
PDf6aX73eDQS,isotropic_elastic,train,RIGHT,uniform,compression,0.00016919426870085606,0.9236905206926167,0.25100895324721934,3.0,1.0,24.0,8.0,270.0,1.0,0.5,True
3TBko55HtskH,isotropic_elastic,train,RIGHT,uniform,compression,0.00018209727055110955,0.9819000856019556,0.23688507117331029,3.0,1.0,24.0,8.0,270.0,1.0,0.5,True
8Kz4dNLXEBph,isotropic_elastic,train,RIGHT,uniform,compression,8.874683129286246e-05,0.5037278250791133,0.29636587454006075,3.0,1.0,24.0,8.0,270.0,1.0,0.5,True
SA6X3zdxXUWr,isotropic_elastic,train,RIGHT,uniform,compression,4.699907399182018e-05,0.24525483306497337,0.20019032005220652,3.0,1.0,24.0,8.0,270.0,1.0,0.5,True
kJJgHDPXQz99,isotropic_elastic,train,RIGHT,uniform,compression,0.00012066506891934934,0.6673024063929915,0.265875128377229,3.0,1.0,24.0,8.0,270.0,1.0,0.5,True
7XTVQJhaoMeg,isotropic_elastic,train,RIGHT,uniform,compression,0.00011599579419453757,0.6165229493752122,0.22063277931883932,3.0,1.0,24.0,8.0,270.0,1.0,0.5,True
6rkVsaqXJzeh,isotropic_elastic,train,RIGHT,uniform,compression,3.531855881580302e-05,0.1944908255711198,0.2609599294140935,3.0,1.0,24.0,8.0,270.0,1.0,0.5,True
69YACfnzFtwW,isotropic_elastic,train,RIGHT,uniform,compression,6.0928738869887775e-05,0.32993262680247426,0.24169978825375438,3.0,1.0,24.0,8.0,270.0,1.0,0.5,True
7pitifhiMJY9,isotropic_elastic,train,RIGHT,uniform,compression,0.0001448833844661737,0.8081203368492424,0.27582860849797725,3.0,1.0,24.0,8.0,270.0,1.0,0.5,True
7AeXBrx32iBz,isotropic_elastic,train,RIGHT,uniform,compression,0.00015573867168111003,0.8300973324105143,0.22380075547844172,3.0,1.0,24.0,8.0,270.0,1.0,0.5,True
7rEnwjgT9WVK,isotropic_elastic,train,RIGHT,uniform,compression,6.405794453344533e-05,0.3518135992810131,0.2578876902349293,3.0,1.0,24.0,8.0,270.0,1.0,0.5,True
3GusjnhM3tTV,isotropic_elastic,train,RIGHT,uniform,compression,3.6842866273580766e-05,0.1989758604206145,0.23867136426270008,3.0,1.0,24.0,8.0,270.0,1.0,0.5,True
PVjghfJrCMN4,isotropic_elastic,train,RIGHT,uniform,compression,0.00011102223402906915,0.6209117465652525,0.2789565841667354,3.0,1.0,24.0,8.0,270.0,1.0,0.5,True
U4v79B9dUEXz,isotropic_elastic,train,RIGHT,uniform,compression,0.00012817700283858716,0.689225756097585,0.23372033713385462,3.0,1.0,24.0,8.0,270.0,1.0,0.5,True
5qiKn8bGv9mM,isotropic_elastic,train,RIGHT,uniform,compression,4.697153331223058e-05,0.2673018862493336,0.29943487159907817,3.0,1.0,24.0,8.0,270.0,1.0,0.5,True
3wufBBofgjhK,isotropic_elastic,train,RIGHT,uniform,compression,9.709219625908326e-05,0.5080493541434408,0.20322770895436407,3.0,1.0,24.0,8.0,270.0,1.0,0.5,True
s8MEydUfxyso,isotropic_elastic,train,RIGHT,uniform,compression,0.00017883993499015434,0.9863451035693288,0.2627381877973676,3.0,1.0,24.0,8.0,270.0,1.0,0.5,True
3hnRapJYG9DV,isotropic_elastic,train,RIGHT,uniform,compression,0.00017100806488709098,0.9316238051280379,0.2485902971588075,3.0,1.0,24.0,8.0,270.0,1.0,0.5,True
3UGAVHigT5PD,isotropic_elastic,train,RIGHT,uniform,compression,8.077102740845259e-05,0.45332623180001974,0.28309854194521905,3.0,1.0,24.0,8.0,270.0,1.0,0.5,True
3N9yhXQh7WNe,isotropic_elastic,train,RIGHT,uniform,compression,6.089532628519613e-05,0.32159231463447213,0.21346069211140276,3.0,1.0,24.0,8.0,270.0,1.0,0.5,True
33VCDtVvuDUn,isotropic_elastic,train,RIGHT,uniform,compression,0.0001358169498172432,0.7435145751573146,0.25416688676923516,3.0,1.0,24.0,8.0,270.0,1.0,0.5,True
6nMNXe3Jvoap,isotropic_elastic,train,RIGHT,uniform,compression,0.00010773261091937138,0.5666299012489617,0.20892452578991652,3.0,1.0,24.0,8.0,270.0,1.0,0.5,True
3iTmh7P9MRmq,isotropic_elastic,train,RIGHT,uniform,compression,2.5976619135293242e-05,0.1446921912021935,0.2742302895523608,3.0,1.0,24.0,8.0,270.0,1.0,0.5,True
7uXki3LokYNB,isotropic_elastic,train,RIGHT,uniform,compression,7.596050612867385e-05,0.40654348079115155,0.22843244373798371,3.0,1.0,24.0,8.0,270.0,1.0,0.5,True
4AyoKQSYytJx,isotropic_elastic,train,RIGHT,uniform,compression,0.00015705919025612664,0.884825604595244,0.28753382256254556,3.0,1.0,24.0,8.0,270.0,1.0,0.5,True
4Yyz5Tdp3emS,isotropic_elastic,train,RIGHT,uniform,compression,0.00015857611005340018,0.8475337789393962,0.22687546107918025,3.0,1.0,24.0,8.0,270.0,1.0,0.5,True
5D9PvjzHYjai,isotropic_elastic,train,RIGHT,uniform,compression,7.528403141323117e-05,0.42581579545512793,0.29221542375162246,3.0,1.0,24.0,8.0,270.0,1.0,0.5,True
4Pw6wqYudaQt,isotropic_elastic,train,RIGHT,uniform,compression,2.3769538110407652e-05,0.1251945709809661,0.21049289889633657,3.0,1.0,24.0,8.0,270.0,1.0,0.5,True
3QP3Fq7iJqXm,isotropic_elastic,train,RIGHT,uniform,compression,0.00010874036962851713,0.6032569682225585,0.2695372979156673,3.0,1.0,24.0,8.0,270.0,1.0,0.5,True
EAr2qNJtemNr,isotropic_elastic,train,RIGHT,uniform,compression,0.0001438781011745852,0.7630207801237703,0.21814269898459315,3.0,1.0,24.0,8.0,270.0,1.0,0.5,True
7unFCG4bq9G6,isotropic_elastic,train,RIGHT,uniform,compression,5.212078168504527e-05,0.28494293335825205,0.2526102613657713,3.0,1.0,24.0,8.0,270.0,1.0,0.5,True
7AupwM9iAo6g,isotropic_elastic,train,RIGHT,uniform,compression,9.042966273387303e-05,0.4906266388483346,0.24389689983800053,3.0,1.0,24.0,8.0,270.0,1.0,0.5,True
7xiGBph37xyY,isotropic_elastic,train,RIGHT,uniform,compression,0.00016233653184404717,0.912329172808677,0.28466655779629946,3.0,1.0,24.0,8.0,270.0,1.0,0.5,True
wPFbH8QDeYco,isotropic_elastic,train,RIGHT,uniform,compression,0.00018566152226439346,0.9701352261938154,0.20167108243331314,3.0,1.0,24.0,8.0,270.0,1.0,0.5,True
pPQG3qNmS6yt,isotropic_elastic,train,RIGHT,uniform,compression,9.903810430791315e-05,0.5484310829080642,0.2674201957881451,3.0,1.0,24.0,8.0,270.0,1.0,0.5,True
naez6vNxVtdj,isotropic_elastic,train,RIGHT,uniform,compression,4.2102758767960204e-05,0.22670600991696122,0.23528835410252213,3.0,1.0,24.0,8.0,270.0,1.0,0.5,True
3hkamz7BPbqh,isotropic_elastic,train,RIGHT,uniform,compression,0.00012433910764628336,0.7047820327803492,0.2947414731606841,3.0,1.0,24.0,8.0,270.0,1.0,0.5,True
6SMWKd4duFDH,isotropic_elastic,train,RIGHT,uniform,compression,0.00012198273935305449,0.661502474732697,0.24335296731442213,3.0,1.0,24.0,8.0,270.0,1.0,0.5,True
7AeoU4AajCjJ,isotropic_elastic,train,RIGHT,uniform,compression,3.284345265947622e-05,0.18343846816569567,0.2773995996452868,3.0,1.0,24.0,8.0,270.0,1.0,0.5,True
4vudL8G7Xxn7,isotropic_elastic,train,RIGHT,uniform,compression,6.933514600494885e-05,0.36801832513883714,0.2191077619791031,3.0,1.0,24.0,8.0,270.0,1.0,0.5,True
BxMwLEpecw39,isotropic_elastic,train,RIGHT,uniform,compression,0.00014359878156838078,0.7897344847209752,0.2594560652039945,3.0,1.0,24.0,8.0,270.0,1.0,0.5,True
KRwvdDzPgKcK,isotropic_elastic,train,RIGHT,uniform,compression,0.00015309812142446982,0.80199417732656,0.20445088427513838,3.0,1.0,24.0,8.0,270.0,1.0,0.5,True
6L5wYeBGsXUi,isotropic_elastic,train,RIGHT,uniform,compression,6.881801285102446e-05,0.37994832061231143,0.2639583141542971,3.0,1.0,24.0,8.0,270.0,1.0,0.5,True
8JDi3hHML6da,isotropic_elastic,train,RIGHT,uniform,compression,3.178129744837426e-05,0.17084146095439792,0.23338215351104735,3.0,1.0,24.0,8.0,270.0,1.0,0.5,True
7CKHYJYC2msz,isotropic_elastic,train,RIGHT,uniform,compression,0.00011408140216593209,0.6490154380910098,0.2990875422023237,3.0,1.0,24.0,8.0,270.0,1.0,0.5,True
6kZhY8VdsGr3,isotropic_elastic,train,RIGHT,uniform,compression,0.00013288316541732988,0.7173721752129495,0.2382202840410173,3.0,1.0,24.0,8.0,270.0,1.0,0.5,True
4R5UMPJsvUQW,isotropic_elastic,train,RIGHT,uniform,compression,4.278344168102404e-05,0.23918618177995088,0.27852686271071436,3.0,1.0,24.0,8.0,270.0,1.0,0.5,True
3fMSWBz4tBuT,isotropic_elastic,train,RIGHT,uniform,compression,0.00010049265780522237,0.5361645221710205,0.22491713697090746,3.0,1.0,24.0,8.0,270.0,1.0,0.5,True
43WETtnY8t52,isotropic_elastic,train,RIGHT,uniform,compression,0.00017429683774069187,0.9581983625888825,0.25901932176202536,3.0,1.0,24.0,8.0,270.0,1.0,0.5,True
4MeWQs8JECHc,isotropic_elastic,train,RIGHT,uniform,compression,0.00016863095678494683,0.903502706065774,0.22966135321184994,3.0,1.0,24.0,8.0,270.0,1.0,0.5,True
5V7YNeXU4rEf,isotropic_elastic,train,RIGHT,uniform,compression,8.537444731053899e-05,0.48147068955004213,0.28874747566878795,3.0,1.0,24.0,8.0,270.0,1.0,0.5,True
5pje5SQrSoz2,isotropic_elastic,train,RIGHT,uniform,compression,5.5809454658124186e-05,0.29344753501936793,0.2085928392596543,3.0,1.0,24.0,8.0,270.0,1.0,0.5,True
6cTWEgqzbffs,isotropic_elastic,train,RIGHT,uniform,compression,0.00013857377311098787,0.7716351377777755,0.2738772498443723,3.0,1.0,24.0,8.0,270.0,1.0,0.5,True
36Z6NdkJJurh,isotropic_elastic,train,RIGHT,uniform,compression,0.00011266594215189835,0.5947592346929014,0.21301608476787806,3.0,1.0,24.0,8.0,270.0,1.0,0.5,True
4SPjBVvrPjdt,isotropic_elastic,train,RIGHT,uniform,compression,2.1304899558672314e-05,0.11658708145841956,0.2537314315326512,3.0,1.0,24.0,8.0,270.0,1.0,0.5,True
5GNqoBAxESk2,isotropic_elastic,train,RIGHT,uniform,compression,7.970567949000243e-05,0.4346491269767284,0.2497123885899782,3.0,1.0,24.0,8.0,270.0,1.0,0.5,True
SJetz38gsCDn,isotropic_elastic,train,RIGHT,uniform,compression,0.00015249496718537127,0.856696593016386,0.2842236767522991,3.0,1.0,24.0,8.0,270.0,1.0,0.5,True
6h5ASvnu4ECq,isotropic_elastic,train,RIGHT,uniform,compression,0.00016123199050662758,0.875635244231671,0.24503157418221236,3.0,1.0,24.0,8.0,270.0,1.0,0.5,True
5HaZnqtCbvwW,isotropic_elastic,train,RIGHT,uniform,compression,7.06952231480023e-05,0.39768281755968926,0.2857798726297915,3.0,1.0,24.0,8.0,270.0,1.0,0.5,True
4UEk5F4gRH7r,isotropic_elastic,train,RIGHT,uniform,compression,2.8923149133864902e-05,0.15332722701132298,0.2177099108695984,3.0,1.0,24.0,8.0,270.0,1.0,0.5,True
35baaZ5wNRgw,isotropic_elastic,train,RIGHT,uniform,compression,0.00010524644256759457,0.5751549664884806,0.2521622239612043,3.0,1.0,24.0,8.0,270.0,1.0,0.5,True
3Q5xinNjeT4B,isotropic_elastic,train,RIGHT,uniform,compression,0.0001395666705577747,0.7348726712167263,0.21014863019809127,3.0,1.0,24.0,8.0,270.0,1.0,0.5,True
4acuGVJ5Aep2,isotropic_elastic,train,RIGHT,uniform,compression,5.644742089726685e-05,0.3130603812634945,0.2691960774362087,3.0,1.0,24.0,8.0,270.0,1.0,0.5,True
3wwpQ5Bwiyuh,isotropic_elastic,train,RIGHT,uniform,compression,8.64435550479763e-05,0.46250972738489515,0.2280925505794585,3.0,1.0,24.0,8.0,270.0,1.0,0.5,True
4F9E3SXc47d5,isotropic_elastic,train,RIGHT,uniform,compression,0.0001661034991899354,0.9404776035808027,0.29344165977090597,3.0,1.0,24.0,8.0,270.0,1.0,0.5,True
5BtYSthvEx2p,isotropic_elastic,train,RIGHT,uniform,compression,0.0001878832318498892,0.9982545818202198,0.22023596344515683,3.0,1.0,24.0,8.0,270.0,1.0,0.5,True
6Ap5ujzZuhE9,isotropic_elastic,train,RIGHT,uniform,compression,9.45132390241374e-05,0.5202883149497212,0.26057511381804943,3.0,1.0,24.0,8.0,270.0,1.0,0.5,True
3k4xzHpS7sFU,isotropic_elastic,train,RIGHT,uniform,compression,4.701290058258167e-05,0.25484909974038605,0.2429144692607224,3.0,1.0,24.0,8.0,270.0,1.0,0.5,True
4yYDNQXxHEJx,isotropic_elastic,train,RIGHT,uniform,compression,0.0001211978941538907,0.676663213595748,0.2769580589607358,3.0,1.0,24.0,8.0,270.0,1.0,0.5,True
5imitqioAmjn,isotropic_elastic,train,RIGHT,uniform,compression,0.00011766304405892348,0.6333713978528976,0.23493835125118495,3.0,1.0,24.0,8.0,270.0,1.0,0.5,True
uSJgS7g9nwmE,isotropic_elastic,train,RIGHT,uniform,compression,3.7331818251567474e-05,0.211545267701149,0.29440672593191264,3.0,1.0,24.0,8.0,270.0,1.0,0.5,True
76qLGKHbDCsG,isotropic_elastic,train,RIGHT,uniform,compression,6.497995931456132e-05,0.3399109891615808,0.20288167484104636,3.0,1.0,24.0,8.0,270.0,1.0,0.5,True
3xWmeko5M2QZ,isotropic_elastic,train,RIGHT,uniform,compression,0.0001475370557307306,0.8178652397356927,0.2686521421186626,3.0,1.0,24.0,8.0,270.0,1.0,0.5,True
5nqnAEaxxQBa,isotropic_elastic,train,RIGHT,uniform,compression,0.0001515597294013145,0.8135477725416422,0.231760832387954,3.0,1.0,24.0,8.0,270.0,1.0,0.5,True
649Qu3ee4bLf,isotropic_elastic,train,RIGHT,uniform,compression,5.9047214606962964e-05,0.33547003306448464,0.2974877448752522,3.0,1.0,24.0,8.0,270.0,1.0,0.5,True
7gE9seR4wBLw,isotropic_elastic,train,RIGHT,uniform,compression,3.614688458828851e-05,0.18961871443316342,0.20600507883355024,3.0,1.0,24.0,8.0,270.0,1.0,0.5,True
8FhPDHyeG8rX,isotropic_elastic,train,RIGHT,uniform,compression,0.00011058472050006954,0.6113211411051452,0.265429949387908,3.0,1.0,24.0,8.0,270.0,1.0,0.5,True
36i6C5EKX2io,isotropic_elastic,train,RIGHT,uniform,compression,0.0001261544245810827,0.6721813856624067,0.223416343703866,3.0,1.0,24.0,8.0,270.0,1.0,0.5,True
7yumvGuyP2m9,isotropic_elastic,train,RIGHT,uniform,compression,4.5619893574573755e-05,0.2504635094664991,0.2574912334792316,3.0,1.0,24.0,8.0,270.0,1.0,0.5,True
8AB6M3XqzWi6,isotropic_elastic,train,RIGHT,uniform,compression,9.217622467972977e-05,0.498307254165411,0.23980041090399026,3.0,1.0,24.0,8.0,270.0,1.0,0.5,True
TY28AEoiMNYn,isotropic_elastic,train,RIGHT,uniform,compression,0.00017439889229468544,0.9763695441186429,0.28017090605571865,3.0,1.0,24.0,8.0,270.0,1.0,0.5,True
7Kxu7FDxBqD2,isotropic_elastic,train,RIGHT,uniform,compression,0.00017562738593887814,0.9220808323472738,0.20694115310907366,3.0,1.0,24.0,8.0,270.0,1.0,0.5,True
6f7ys3kUFctc,isotropic_elastic,train,RIGHT,uniform,compression,7.984604663634051e-05,0.44401671849191193,0.27230779370293023,3.0,1.0,24.0,8.0,270.0,1.0,0.5,True
oyG7HWAaig5t,isotropic_elastic,train,RIGHT,uniform,compression,5.688364382848479e-05,0.3051865245215595,0.2311848534271121,3.0,1.0,24.0,8.0,270.0,1.0,0.5,True
7MDPXNNtg9A9,isotropic_elastic,train,RIGHT,uniform,compression,0.00012873031572155076,0.7269027913920582,0.29024978140369057,3.0,1.0,24.0,8.0,270.0,1.0,0.5,True
MjmofYd3iNqM,isotropic_elastic,train,RIGHT,uniform,compression,0.00010219988863957747,0.5565929762087762,0.24823008561506868,3.0,1.0,24.0,8.0,270.0,1.0,0.5,True
4h5cYU4gcfro,isotropic_elastic,train,RIGHT,uniform,compression,2.40423222436684e-05,0.1348887256346643,0.28267712201923134,3.0,1.0,24.0,8.0,270.0,1.0,0.5,True
i2ndvPwnP8TB,isotropic_elastic,train,RIGHT,uniform,compression,7.372578156662636e-05,0.389753594994545,0.21461436664685607,3.0,1.0,24.0,8.0,270.0,1.0,0.5,True
4Eh7umpbkLjb,isotropic_elastic,train,RIGHT,uniform,compression,0.0001583614089177487,0.8678297251462936,0.2553573437035084,3.0,1.0,24.0,8.0,270.0,1.0,0.5,True
6fhtqKnfUN7K,isotropic_elastic,train,RIGHT,uniform,compression,0.00015833463297610203,0.8382173891179263,0.21618317039683463,3.0,1.0,24.0,8.0,270.0,1.0,0.5,True
72RjYQE8PV5U,isotropic_elastic,train,RIGHT,uniform,compression,7.627631132342835e-05,0.4162934119813144,0.2506631584838033,3.0,1.0,24.0,8.0,270.0,1.0,0.5,True
6cqpsu8diBei,isotropic_elastic,train,RIGHT,uniform,compression,1.9963516107716753e-05,0.10857593081891537,0.2466742935590446,3.0,1.0,24.0,8.0,270.0,1.0,0.5,True
69SbzwNetPXL,isotropic_elastic,train,RIGHT,uniform,compression,0.0001041870339793855,0.586871787533164,0.28735829554498193,3.0,1.0,24.0,8.0,270.0,1.0,0.5,True
6qsCqEEze7qn,isotropic_elastic,train,RIGHT,uniform,compression,0.00014097603679062096,0.7532104313373565,0.22649102546274663,3.0,1.0,24.0,8.0,270.0,1.0,0.5,True
z4hStN3xFyJo,isotropic_elastic,train,RIGHT,uniform,compression,4.862321397561777e-05,0.2749265909194947,0.2918189908377826,3.0,1.0,24.0,8.0,270.0,1.0,0.5,True
ZecDT2oeAzVS,isotropic_elastic,train,RIGHT,uniform,compression,8.983145013374702e-05,0.4736239097081125,0.21162196937948466,3.0,1.0,24.0,8.0,270.0,1.0,0.5,True
7rgTjwyM8s9s,isotropic_elastic,train,RIGHT,uniform,compression,0.00016126105225157657,0.8955599031411111,0.27075159596279263,3.0,1.0,24.0,8.0,270.0,1.0,0.5,True
6V3B3QnkmcTH,isotropic_elastic,train,RIGHT,uniform,compression,0.00017618928613152049,0.9537985431961715,0.24136961847543717,3.0,1.0,24.0,8.0,270.0,1.0,0.5,True
7GSiT8xCRsXA,isotropic_elastic,train,RIGHT,uniform,compression,9.538310255352427e-05,0.531860940437764,0.27547707995399834,3.0,1.0,24.0,8.0,270.0,1.0,0.5,True
ZK5uGBU4YBaG,isotropic_elastic,train,RIGHT,uniform,compression,4.0805826373199063e-05,0.21712225414812564,0.2218601478263736,3.0,1.0,24.0,8.0,270.0,1.0,0.5,True
7cxwX5y6x23X,isotropic_elastic,train,RIGHT,uniform,compression,0.00012614952459053888,0.6954042706638575,0.26217204788699744,3.0,1.0,24.0,8.0,270.0,1.0,0.5,True
5mLJ5yQm6jRp,isotropic_elastic,train,RIGHT,uniform,compression,0.00012341537885574147,0.6446709744632244,0.2013108947314322,3.0,1.0,24.0,8.0,270.0,1.0,0.5,True
77EzSuCXshNL,isotropic_elastic,train,RIGHT,uniform,compression,3.0055378181027577e-05,0.16637350842356682,0.26699875202029943,3.0,1.0,24.0,8.0,270.0,1.0,0.5,True
4dZa9rPFoKyi,isotropic_elastic,train,RIGHT,uniform,compression,6.642765720256576e-05,0.3580496220849455,0.23644200479611754,3.0,1.0,24.0,8.0,270.0,1.0,0.5,True
4iY9tVBc634s,isotropic_elastic,train,RIGHT,uniform,compression,0.00013746588893698557,0.7799717753194273,0.29593195393681526,3.0,1.0,24.0,8.0,270.0,1.0,0.5,True
69eEfqszrZrN,isotropic_elastic,validate,RIGHT,uniform,compression,0.00014488835121346472,0.781144552771002,0.2367128119803965,3.0,1.0,24.0,8.0,270.0,1.0,0.5,True
5SBwKVdLDzF7,isotropic_elastic,validate,RIGHT,uniform,compression,6.330103430548592e-05,0.3591125362552703,0.2957569910213351,3.0,1.0,24.0,8.0,270.0,1.0,0.5,True
6yM4oJjwzaAG,isotropic_elastic,validate,RIGHT,uniform,compression,3.138960942755489e-05,0.16399953048676252,0.20153447231277824,3.0,1.0,24.0,8.0,270.0,1.0,0.5,True
5PUmaabtZu3h,isotropic_elastic,validate,RIGHT,uniform,compression,0.00011602353417188618,0.6421871332451701,0.2668746426701546,3.0,1.0,24.0,8.0,270.0,1.0,0.5,True
MHcqprpYezD4,isotropic_elastic,validate,RIGHT,uniform,compression,0.00013084320096875816,0.6960273059085011,0.22158354595303537,3.0,1.0,24.0,8.0,270.0,1.0,0.5,True
4DjscnsfZFiz,isotropic_elastic,validate,RIGHT,uniform,compression,3.951373868660911e-05,0.21785515267401934,0.2623529962264001,3.0,1.0,24.0,8.0,270.0,1.0,0.5,True
7N46tr7GFg7D,isotropic_elastic,validate,RIGHT,uniform,compression,9.772702844506146e-05,0.528937213588506,0.24113962855190038,3.0,1.0,24.0,8.0,270.0,1.0,0.5,True
3syei64L64kM,isotropic_elastic,validate,RIGHT,uniform,compression,0.0001705290485900042,0.9509846796281636,0.2756074109114707,3.0,1.0,24.0,8.0,270.0,1.0,0.5,True
47ybCSMGt8ir,isotropic_elastic,validate,RIGHT,uniform,compression,0.00017009703934072124,0.896721710357815,0.21150842271745207,3.0,1.0,24.0,8.0,270.0,1.0,0.5,True
6bA7nh9pbFtx,isotropic_elastic,validate,RIGHT,uniform,compression,8.545815733582664e-05,0.47467585364356635,0.2709617498330772,3.0,1.0,24.0,8.0,270.0,1.0,0.5,True
6W45nfHkUfrh,isotropic_elastic,validate,RIGHT,uniform,compression,5.1019439596309184e-05,0.27254899200052024,0.22632991392165422,3.0,1.0,24.0,8.0,270.0,1.0,0.5,True
3eyRGowrpLJk,isotropic_elastic,validate,RIGHT,uniform,compression,0.00013274282287207916,0.7507229691371322,0.29207880767062305,3.0,1.0,24.0,8.0,270.0,1.0,0.5,True
5udr253D3SuJ,isotropic_elastic,validate,RIGHT,uniform,compression,0.00010800767792922862,0.5874847108498216,0.24679382489994167,3.0,1.0,24.0,8.0,270.0,1.0,0.5,True
3K3GpzEwKUea,isotropic_elastic,validate,RIGHT,uniform,compression,1.940730378623836e-05,0.10929871741682291,0.2871423477306962,3.0,1.0,24.0,8.0,270.0,1.0,0.5,True
4e2C5SAQLukZ,isotropic_elastic,validate,RIGHT,uniform,compression,7.807103780485684e-05,0.4133669224567712,0.21635050429031255,3.0,1.0,24.0,8.0,270.0,1.0,0.5,True
7jNfiPN5LpJ4,isotropic_elastic,validate,RIGHT,uniform,compression,0.00015310376826094895,0.835400762874633,0.25039692856371404,3.0,1.0,24.0,8.0,270.0,1.0,0.5,True
nycQ6UKvELXj,isotropic_elastic,validate,RIGHT,uniform,compression,0.00016432737682037956,0.8688611065968871,0.21479350188747048,3.0,1.0,24.0,8.0,270.0,1.0,0.5,True
3EbZcbHTRyjX,isotropic_elastic,validate,RIGHT,uniform,compression,7.134771059548743e-05,0.3908948397263885,0.2550785494968295,3.0,1.0,24.0,8.0,270.0,1.0,0.5,True
D7oJKs6V9d23,isotropic_elastic,validate,RIGHT,uniform,compression,2.4314601825855594e-05,0.13243555882945657,0.24836222967132926,3.0,1.0,24.0,8.0,270.0,1.0,0.5,True
3YmTYxpAQLLv,isotropic_elastic,validate,RIGHT,uniform,compression,9.880764652380527e-05,0.5542496726848185,0.2824493244290352,3.0,1.0,24.0,8.0,270.0,1.0,0.5,True
3GRaztRAJaXn,isotropic_elastic,validate,RIGHT,uniform,compression,0.0001356388834477437,0.7276050087995827,0.23101189211010933,3.0,1.0,24.0,8.0,270.0,1.0,0.5,True
86J2pW5DMi3z,isotropic_elastic,validate,RIGHT,uniform,compression,5.4139178564136314e-05,0.30577887864783404,0.2905222109518945,3.0,1.0,24.0,8.0,270.0,1.0,0.5,True
8PAEwzobz9qv,isotropic_elastic,validate,RIGHT,uniform,compression,8.405081969759265e-05,0.4412343943491578,0.20681504216045143,3.0,1.0,24.0,8.0,270.0,1.0,0.5,True
6DNJR4x6ejje,isotropic_elastic,validate,RIGHT,uniform,compression,0.0001652631276272057,0.9191886449232698,0.27252974892035126,3.0,1.0,24.0,8.0,270.0,1.0,0.5,True
5mcsf3uUh2C5,isotropic_elastic,validate,RIGHT,uniform,compression,0.0001808323870281179,0.9773981092497707,0.23958303295075895,3.0,1.0,24.0,8.0,270.0,1.0,0.5,True
3cEK7iB7zBy4,isotropic_elastic,validate,RIGHT,uniform,compression,8.920184107995095e-05,0.4994456825777889,0.28028938798233866,3.0,1.0,24.0,8.0,270.0,1.0,0.5,True
3dH4C4pCFRqi,isotropic_elastic,validate,RIGHT,uniform,compression,4.6555451392600155e-05,0.24800028437748553,0.22315154392272235,3.0,1.0,24.0,8.0,270.0,1.0,0.5,True
5kQsXrmiLpeb,isotropic_elastic,validate,RIGHT,uniform,compression,0.00012198590380575274,0.6698280238546431,0.25765961678698657,3.0,1.0,24.0,8.0,270.0,1.0,0.5,True
Yk6DNff3EveS,isotropic_elastic,validate,RIGHT,uniform,compression,0.00011664669550305233,0.6120196838863194,0.2062160913832486,3.0,1.0,24.0,8.0,270.0,1.0,0.5,True
tYDWvDQhQ5bt,isotropic_elastic,validate,RIGHT,uniform,compression,3.441083422857097e-05,0.1902073939330876,0.2653176421299577,3.0,1.0,24.0,8.0,270.0,1.0,0.5,True
5577ScNs6Z37,isotropic_elastic,validate,RIGHT,uniform,compression,6.19617683650363e-05,0.3326767923310399,0.23201979054138064,3.0,1.0,24.0,8.0,270.0,1.0,0.5,True
59K2iWAkerxu,isotropic_elastic,validate,RIGHT,uniform,compression,0.00014270385525407702,0.8106446685269475,0.2973253939300775,3.0,1.0,24.0,8.0,270.0,1.0,0.5,True
6Gd7itMaqjiZ,isotropic_elastic,validate,RIGHT,uniform,compression,0.0001567935267965157,0.8203220174647867,0.20306121576577427,3.0,1.0,24.0,8.0,270.0,1.0,0.5,True
6dmVCCTGy6uy,isotropic_elastic,validate,RIGHT,uniform,compression,6.175569037304475e-05,0.3422579036094249,0.26837370516732334,3.0,1.0,24.0,8.0,270.0,1.0,0.5,True
4zxpXxpJkt42,isotropic_elastic,validate,RIGHT,uniform,compression,3.910249317873957e-05,0.21051027532666922,0.23507008962333203,3.0,1.0,24.0,8.0,270.0,1.0,0.5,True
65WvvwKJaLtk,isotropic_elastic,validate,RIGHT,uniform,compression,0.00011159181434418874,0.6322265421971679,0.2941785710863769,3.0,1.0,24.0,8.0,270.0,1.0,0.5,True
7oH7KyL6D3hx,isotropic_elastic,validate,RIGHT,uniform,compression,0.0001253594107961099,0.6794491553679108,0.24274115068838,3.0,1.0,24.0,8.0,270.0,1.0,0.5,True
64r2wTXhLLCf,isotropic_elastic,validate,RIGHT,uniform,compression,4.615422693963466e-05,0.25774490479379897,0.27723008282482625,3.0,1.0,24.0,8.0,270.0,1.0,0.5,True
7Yf2LEvBW2Uz,isotropic_elastic,validate,RIGHT,uniform,compression,9.780249430087776e-05,0.5195824799127877,0.22011020975187423,3.0,1.0,24.0,8.0,270.0,1.0,0.5,True
VReGJo3MwwBh,isotropic_elastic,validate,RIGHT,uniform,compression,0.00018119528803010212,0.9976586100645364,0.260797474719584,3.0,1.0,24.0,8.0,270.0,1.0,0.5,True
3Z7NoH37Xazf,isotropic_elastic,validate,RIGHT,uniform,compression,0.00017627000073222214,0.9429371976293623,0.22787476768717171,3.0,1.0,24.0,8.0,270.0,1.0,0.5,True
5CrzDnuZ3KMX,isotropic_elastic,validate,RIGHT,uniform,compression,8.209346606225312e-05,0.46485945815220475,0.2935597836971283,3.0,1.0,24.0,8.0,270.0,1.0,0.5,True
4iuqsxdqgtok,isotropic_elastic,validate,RIGHT,uniform,compression,5.92757115851875e-05,0.3120354471728206,0.20988423535600306,3.0,1.0,24.0,8.0,270.0,1.0,0.5,True
Eco2zSnxGFpe,isotropic_elastic,validate,RIGHT,uniform,compression,0.00013227989983209215,0.7337378738448024,0.2693648187443614,3.0,1.0,24.0,8.0,270.0,1.0,0.5,True
7BESpFubVd62,isotropic_elastic,validate,RIGHT,uniform,compression,0.00010900099289176724,0.5779445828869939,0.21792128141969444,3.0,1.0,24.0,8.0,270.0,1.0,0.5,True
5hFtWUwLHpw4,isotropic_elastic,validate,RIGHT,uniform,compression,2.8590396419894485e-05,0.1562267066910863,0.25205032164230945,3.0,1.0,24.0,8.0,270.0,1.0,0.5,True
7wUr6ginfNkz,isotropic_elastic,validate,RIGHT,uniform,compression,7.308140529737204e-05,0.39698789911344645,0.2452901743352413,3.0,1.0,24.0,8.0,270.0,1.0,0.5,True
hoiuSDnLpSjD,isotropic_elastic,validate,RIGHT,uniform,compression,0.00015557733815937917,0.8750501890666783,0.28561711674556134,3.0,1.0,24.0,8.0,270.0,1.0,0.5,True
5jsqJhfFXmtr,isotropic_elastic,validate,RIGHT,uniform,compression,0.00015749786007895035,0.8590669063851237,0.24998355377465487,3.0,1.0,24.0,8.0,270.0,1.0,0.5,True
3rqoeQQw73ZQ,isotropic_elastic,validate,RIGHT,uniform,compression,7.78221015797743e-05,0.4371293036267162,0.28404911877587435,3.0,1.0,24.0,8.0,270.0,1.0,0.5,True
5c2bY9wdQCKw,isotropic_elastic,validate,RIGHT,uniform,compression,2.185938513279738e-05,0.11541796857491136,0.21323930434882643,3.0,1.0,24.0,8.0,270.0,1.0,0.5,True
6WfyrBX65SWn,isotropic_elastic,validate,RIGHT,uniform,compression,0.00010850335481327715,0.5936999850906431,0.25360691724345086,3.0,1.0,24.0,8.0,270.0,1.0,0.5,True
5Ec2vKBREbbq,isotropic_elastic,validate,RIGHT,uniform,compression,0.00014734586645602453,0.7745551933534444,0.20831583244726062,3.0,1.0,24.0,8.0,270.0,1.0,0.5,True
7tvCw8AmXZQc,isotropic_elastic,validate,RIGHT,uniform,compression,5.3195078764012736e-05,0.29625772731378675,0.27405784018337725,3.0,1.0,24.0,8.0,270.0,1.0,0.5,True
3JKzgUxgpYaL,isotropic_elastic,validate,RIGHT,uniform,compression,8.97649922420526e-05,0.4808513255789876,0.2294317682273686,3.0,1.0,24.0,8.0,270.0,1.0,0.5,True
3ZjpCf287cAD,isotropic_elastic,validate,RIGHT,uniform,compression,0.000160062157120708,0.9027734788134694,0.28887816462665794,3.0,1.0,24.0,8.0,270.0,1.0,0.5,True
3MkuTg2oUZav,isotropic_elastic,validate,RIGHT,uniform,compression,0.0001800584953774777,0.960579646192491,0.22480323305353522,3.0,1.0,24.0,8.0,270.0,1.0,0.5,True
6M9ty4siPCQv,isotropic_elastic,validate,RIGHT,uniform,compression,9.796396243953615e-05,0.5386556690558791,0.2592290699481964,3.0,1.0,24.0,8.0,270.0,1.0,0.5,True
4oi7V5jjFDoP,isotropic_elastic,validate,RIGHT,uniform,compression,4.409624478293554e-05,0.23802068987861277,0.2380595297552645,3.0,1.0,24.0,8.0,270.0,1.0,0.5,True
6bP3uQg9pSDm,isotropic_elastic,validate,RIGHT,uniform,compression,0.0001280996652181187,0.7163165465928614,0.27878708522766826,3.0,1.0,24.0,8.0,270.0,1.0,0.5,True
gVeVJ8oCqorh,isotropic_elastic,validate,RIGHT,uniform,compression,0.00012126729638810719,0.6519456055946649,0.23350209053605794,3.0,1.0,24.0,8.0,270.0,1.0,0.5,True
5P4cJSqJf2Xz,isotropic_elastic,validate,RIGHT,uniform,compression,3.0531134840769135e-05,0.17366176517680287,0.29887195164337754,3.0,1.0,24.0,8.0,270.0,1.0,0.5,True
3JmYKM2TKrzj,isotropic_elastic,validate,RIGHT,uniform,compression,7.24023004030082e-05,0.3793317193165422,0.2046178124845028,3.0,1.0,24.0,8.0,270.0,1.0,0.5,True
73GRVZuRAHoa,isotropic_elastic,validate,RIGHT,uniform,compression,0.0001451627808239223,0.8012677127495408,0.2636917269788682,3.0,1.0,24.0,8.0,270.0,1.0,0.5,True
7fFZoMuvXoUi,isotropic_elastic,test,RIGHT,uniform,compression,0.00014928311916612247,0.7922146814875305,0.21889160033315422,3.0,1.0,24.0,8.0,270.0,1.0,0.5,True
7RvV8gCwYWT2,isotropic_elastic,test,RIGHT,uniform,compression,6.73414182059684e-05,0.3703886586241424,0.25957581037655475,3.0,1.0,24.0,8.0,270.0,1.0,0.5,True
yLsBojk7MKZL,isotropic_elastic,test,RIGHT,uniform,compression,3.363903563442348e-05,0.18237919844686984,0.24308695122599602,3.0,1.0,24.0,8.0,270.0,1.0,0.5,True
uEmxddu8jvHQ,isotropic_elastic,test,RIGHT,uniform,compression,0.00011821144165313703,0.6603333417326211,0.27756671970710156,3.0,1.0,24.0,8.0,270.0,1.0,0.5,True
DYq365ZEBFX3,isotropic_elastic,test,RIGHT,uniform,compression,0.00013138632285957083,0.7075922451913357,0.23549829414114357,3.0,1.0,24.0,8.0,270.0,1.0,0.5,True
6htELBgT6rNS,isotropic_elastic,test,RIGHT,uniform,compression,4.0514991575771936e-05,0.22962608560919762,0.2946281403303146,3.0,1.0,24.0,8.0,270.0,1.0,0.5,True
7aCGCKZsCZa2,isotropic_elastic,test,RIGHT,uniform,compression,0.00010479285617812706,0.5477018355391919,0.20193111309781672,3.0,1.0,24.0,8.0,270.0,1.0,0.5,True
75P83x4SRFea,isotropic_elastic,test,RIGHT,uniform,compression,0.00017510379280690302,0.9695158421061933,0.26725887041538954,3.0,1.0,24.0,8.0,270.0,1.0,0.5,True
6PGCzdo5AFUi,isotropic_elastic,test,RIGHT,uniform,compression,0.00016858797996789548,0.9148202861659229,0.24407806200906634,3.0,1.0,24.0,8.0,270.0,1.0,0.5,True
5GCpgzSyAJfq,isotropic_elastic,test,RIGHT,uniform,compression,8.774470651914997e-05,0.49300788892433045,0.2843897420912981,3.0,1.0,24.0,8.0,270.0,1.0,0.5,True
6BKvTBX6K7eD,isotropic_elastic,test,RIGHT,uniform,compression,5.3524653854228334e-05,0.2838873382657766,0.21827281611040236,3.0,1.0,24.0,8.0,270.0,1.0,0.5,True
78ZaNRbGanS4,isotropic_elastic,test,RIGHT,uniform,compression,0.00013938385354722073,0.7618553217500448,0.25238048527389767,3.0,1.0,24.0,8.0,270.0,1.0,0.5,True
4mnozrjAJPRh,isotropic_elastic,test,RIGHT,uniform,compression,0.00011508836612650075,0.6060772389173508,0.21031814981251956,3.0,1.0,24.0,8.0,270.0,1.0,0.5,True
XPJZ5PKvcPtK,isotropic_elastic,test,RIGHT,uniform,compression,2.3089802599683425e-05,0.12812470495700837,0.26980789126828314,3.0,1.0,24.0,8.0,270.0,1.0,0.5,True
5ebj64NWy7PC,isotropic_elastic,test,RIGHT,uniform,compression,7.95442724515986e-05,0.4250893644057214,0.22675113789737225,3.0,1.0,24.0,8.0,270.0,1.0,0.5,True
37FfWGte5Mwm,isotropic_elastic,test,RIGHT,uniform,compression,0.0001497061914097347,0.8469172111712396,0.2924392151646316,3.0,1.0,24.0,8.0,270.0,1.0,0.5,True
7WRcw2EGb3CF,isotropic_elastic,test,RIGHT,uniform,compression,0.00016578004673332023,0.8871725525707006,0.2283199703320861,3.0,1.0,24.0,8.0,270.0,1.0,0.5,True
8MTHf96a8Udh,isotropic_elastic,test,RIGHT,uniform,compression,7.258575123738229e-05,0.40900029204785826,0.2877450012601912,3.0,1.0,24.0,8.0,270.0,1.0,0.5,True
4btRRcYbtoav,isotropic_elastic,test,RIGHT,uniform,compression,2.7296445991545667e-05,0.14354730201885105,0.20876234099268914,3.0,1.0,24.0,8.0,270.0,1.0,0.5,True
wJfHqBpkMmVD,isotropic_elastic,test,RIGHT,uniform,compression,0.00010151883277937253,0.5655948753468693,0.27448908155784013,3.0,1.0,24.0,8.0,270.0,1.0,0.5,True
7VYzc7hyXsed,isotropic_elastic,test,RIGHT,uniform,compression,0.0001413220472913755,0.7464104137383402,0.21357900789007545,3.0,1.0,24.0,8.0,270.0,1.0,0.5,True
6pWRGotR9JD4,isotropic_elastic,test,RIGHT,uniform,compression,5.926500862050797e-05,0.3243782899342478,0.2539496749639511,3.0,1.0,24.0,8.0,270.0,1.0,0.5,True
7zqe87J2Bn3T,isotropic_elastic,test,RIGHT,uniform,compression,8.30905361102671e-05,0.4527302265167237,0.2487588466145098,3.0,1.0,24.0,8.0,270.0,1.0,0.5,True
8AcbDUts6CTi,isotropic_elastic,test,RIGHT,uniform,compression,0.000165902999184161,0.9309179365634919,0.2828335760161281,3.0,1.0,24.0,8.0,270.0,1.0,0.5,True
7WTSM9Jvh5mB,isotropic_elastic,test,RIGHT,uniform,compression,0.00018890076513305493,0.9886948142200709,0.20350030465051533,3.0,1.0,24.0,8.0,270.0,1.0,0.5,True
3kGWdHf9RTRx,isotropic_elastic,test,RIGHT,uniform,compression,9.257718547073314e-05,0.5105089280754328,0.2625650603324175,3.0,1.0,24.0,8.0,270.0,1.0,0.5,True
33pkL6WX38p7,isotropic_elastic,test,RIGHT,uniform,compression,4.949005506692722e-05,0.26616710899397733,0.23394212620332838,3.0,1.0,24.0,8.0,270.0,1.0,0.5,True
sbPgLv8voxLH,isotropic_elastic,test,RIGHT,uniform,compression,0.00012094669378698514,0.6882008421234787,0.29930892679840326,3.0,1.0,24.0,8.0,270.0,1.0,0.5,True
5NPLgWFziuxm,isotropic_elastic,test,RIGHT,uniform,compression,0.00011553476500259297,0.6238112061284482,0.23839273620396853,3.0,1.0,24.0,8.0,270.0,1.0,0.5,True
87PusNwiVE3X,isotropic_elastic,test,RIGHT,uniform,compression,3.6071189828113556e-05,0.2017654567025602,0.27913555325940254,3.0,1.0,24.0,8.0,270.0,1.0,0.5,True
bMZkrAi3T48M,isotropic_elastic,test,RIGHT,uniform,compression,6.59090980838408e-05,0.35122856423258786,0.2235727917402983,3.0,1.0,24.0,8.0,270.0,1.0,0.5,True
5zNEy3JVUbQu,isotropic_elastic,test,RIGHT,uniform,compression,0.00015099960860118033,0.8294024340808391,0.2580200004391372,3.0,1.0,24.0,8.0,270.0,1.0,0.5,True
7dGLJPrkKqFX,isotropic_elastic,test,RIGHT,uniform,compression,0.00014946124103035183,0.8092615480534733,0.24158767210319637,3.0,1.0,24.0,8.0,270.0,1.0,0.5,True
6SNMUA8Xgcg3,isotropic_elastic,test,RIGHT,uniform,compression,5.932593022385302e-05,0.330963974725455,0.2760401928797364,3.0,1.0,24.0,8.0,270.0,1.0,0.5,True
7F8ascrNcfQE,isotropic_elastic,test,RIGHT,uniform,compression,3.6156869159023546e-05,0.19214755557477475,0.22047023726627232,3.0,1.0,24.0,8.0,270.0,1.0,0.5,True
5oydMNEwZ2Q2,isotropic_elastic,test,RIGHT,uniform,compression,0.00011148705761991711,0.6140698160976171,0.26121831573545934,3.0,1.0,24.0,8.0,270.0,1.0,0.5,True
v9tBhRmqEpRV,isotropic_elastic,test,RIGHT,uniform,compression,0.00012797742468293792,0.6678947269916534,0.20030823014676571,3.0,1.0,24.0,8.0,270.0,1.0,0.5,True
3aiNPFRL2DYd,isotropic_elastic,test,RIGHT,uniform,compression,4.4483568660204484e-05,0.24595701694488525,0.26565755931660534,3.0,1.0,24.0,8.0,270.0,1.0,0.5,True
6evqYr9eKPQG,isotropic_elastic,test,RIGHT,uniform,compression,9.286813857174577e-05,0.5008356711827219,0.23705402631312608,3.0,1.0,24.0,8.0,270.0,1.0,0.5,True
5K5QobJuRMQN,isotropic_elastic,test,RIGHT,uniform,compression,0.00017253964465910784,0.9791177949868143,0.29610126586630936,3.0,1.0,24.0,8.0,270.0,1.0,0.5,True
3GsrQD4DkFnu,isotropic_elastic,test,RIGHT,uniform,compression,0.00017459995173956249,0.9248289692215621,0.2167920507490635,3.0,1.0,24.0,8.0,270.0,1.0,0.5,True
5PTK5cZEPwTT,isotropic_elastic,test,RIGHT,uniform,compression,8.180697797062864e-05,0.44654523609206087,0.2508354208432138,3.0,1.0,24.0,8.0,270.0,1.0,0.5,True
7nQtnPnsFnqc,isotropic_elastic,test,RIGHT,uniform,compression,5.533349707507211e-05,0.30068014599382875,0.24567478206008672,3.0,1.0,24.0,8.0,270.0,1.0,0.5,True
4jDaKi9JxMca,isotropic_elastic,test,RIGHT,uniform,compression,0.00012843231053460678,0.7226160321384668,0.2860141404904425,3.0,1.0,24.0,8.0,270.0,1.0,0.5,True
VjVw2AByPafa,isotropic_elastic,test,RIGHT,uniform,compression,0.00010481984735178672,0.559341537207365,0.22509796181693673,3.0,1.0,24.0,8.0,270.0,1.0,0.5,True
6SBtMGuMc7dM,isotropic_elastic,test,RIGHT,uniform,compression,2.4323124543653576e-05,0.1374176673591137,0.2908682210370898,3.0,1.0,24.0,8.0,270.0,1.0,0.5,True
37ngitjstZn3,isotropic_elastic,test,RIGHT,uniform,compression,7.305476463226206e-05,0.3852476506493986,0.21184316417202353,3.0,1.0,24.0,8.0,270.0,1.0,0.5,True
8KAUKKx7YKDR,isotropic_elastic,test,RIGHT,uniform,compression,0.00015542107123862997,0.8635434000752866,0.2713117584586143,3.0,1.0,24.0,8.0,270.0,1.0,0.5,True
7ssN3noEviZy,isotropic_elastic,test,RIGHT,uniform,compression,0.00016010370726237218,0.8407458011060953,0.20716237770393492,3.0,1.0,24.0,8.0,270.0,1.0,0.5,True
6kDbxGiBWPsg,isotropic_elastic,test,RIGHT,uniform,compression,7.531863102150505e-05,0.41904165782034397,0.27286792639642954,3.0,1.0,24.0,8.0,270.0,1.0,0.5,True
3qLrWThgZJHx,isotropic_elastic,test,RIGHT,uniform,compression,1.9462442009876614e-05,0.10428927717730403,0.2297917718999088,3.0,1.0,24.0,8.0,270.0,1.0,0.5,True
XUZV7bn9dDr3,isotropic_elastic,test,RIGHT,uniform,compression,0.00010321676484489534,0.5823653000406921,0.28929902948439123,3.0,1.0,24.0,8.0,270.0,1.0,0.5,True
5zWLmEm8vDBh,isotropic_elastic,test,RIGHT,uniform,compression,0.00013888781650624445,0.7557392775081098,0.24723059199750425,3.0,1.0,24.0,8.0,270.0,1.0,0.5,True
6poWQmKxYpsc,isotropic_elastic,test,RIGHT,uniform,compression,4.95491120274328e-05,0.27767527094110844,0.2813329490832984,3.0,1.0,24.0,8.0,270.0,1.0,0.5,True
3PeKKvfCjvso,isotropic_elastic,test,RIGHT,uniform,compression,8.873150580671402e-05,0.4693376801908017,0.21522321719676257,3.0,1.0,24.0,8.0,270.0,1.0,0.5,True
8MwfEhYwFHPW,isotropic_elastic,test,RIGHT,uniform,compression,0.00016257499018422424,0.8910538397729397,0.2555296358652413,3.0,1.0,24.0,8.0,270.0,1.0,0.5,True
6U3GswPhiMaE,isotropic_elastic,test,RIGHT,uniform,compression,0.00017675260439628095,0.9492925938218832,0.23237283602356912,3.0,1.0,24.0,8.0,270.0,1.0,0.5,True
6aNFrrVh2hua,isotropic_elastic,test,RIGHT,uniform,compression,9.284692608129017e-05,0.527574610337615,0.2976570746861398,3.0,1.0,24.0,8.0,270.0,1.0,0.5,True
5P3FaeVVrTeh,isotropic_elastic,test,RIGHT,uniform,compression,4.195174654242588e-05,0.21987082017585635,0.20500244405120613,3.0,1.0,24.0,8.0,270.0,1.0,0.5,True
5YRreCyzSHfC,isotropic_elastic,test,RIGHT,uniform,compression,0.00012639867947475771,0.6979332174174487,0.2640887268818915,3.0,1.0,24.0,8.0,270.0,1.0,0.5,True
7UwatqgybhQi,isotropic_elastic,test,RIGHT,uniform,compression,0.00012029433168668065,0.6401646009646356,0.22202640334144236,3.0,1.0,24.0,8.0,270.0,1.0,0.5,True
34CdLkeJwgih,isotropic_elastic,test,RIGHT,uniform,compression,2.9547243487867195e-05,0.16208675419911744,0.2565375311300159,3.0,1.0,24.0,8.0,270.0,1.0,0.5,True
7FGqr36McMgz,isotropic_elastic,test,RIGHT,uniform,compression,6.672710254021903e-05,0.36079775393009184,0.24001848241314291,3.0,1.0,24.0,8.0,270.0,1.0,0.5,True
BfwrhgpjcgFH,isotropic_elastic,test,RIGHT,uniform,compression,0.00013970282645945904,0.7825002878904342,0.2807340011000633,3.0,1.0,24.0,8.0,270.0,1.0,0.5,True
